,ID,Year.x,brain.region.hemisphere,brain.region,Count,count.analysis,Total.Area,Average.Size,X.Area,Mean,slide.info,Well.x,SAMPLE,GENE.x,ct,ct.mean,ct.sd,Well.y,GENE.y,actb._C,actb.mean,actb.SD,Year.y,Date,Time,Habitat,Location,Distance..m.,No..Broadcast.Songs,No..soft.songs,Wing.wave,Score.person,TRIAL,mal.agg.score.no.b.PC1,mal.agg.score.no.b.PC2,mal.agg.score.no.b.PC3,mass,fat,cp,head,bill.width,bill.depth,bill.length,tarsus,wing.chord,tail,Playback.exposure..mins.,Sacrifice.Time,Brain.on.Ice,delta.ct,delta.ctmean,dd.ct,RQ,day,mean.cent.day
1,01SJL22,2022,right,IN,4448,Y,6022263387,1353926.121,5.96,67.303,_B3_s1_right-1.tif,C4,38,NPY,23.50457382,23.50592422,0.001911107,E12,ACTB,21.54802704,21.47690964,0.100573845,2022,22-03-15,7:50,Rural,Stream,5.227848,31,0,1,SJL,Early,-0.419825144,0.595274471,0.006727964,NA,NA,NA,NA,NA,NA,NA,NA,NA,NA,37,3120,3360,2.02901458,1.836385207,0.192629373,0.875009525,74,-8.548672566
2,01SJL22,2022,right,IN,4448,N,6022263387,1353926.121,5.96,67.303,_B3_s1_right-1.tif,C10,38,NPY5R,26.9395771,26.97256851,0.046656899,E12,ACTB,21.54802704,21.47690964,0.100573845,2022,22-03-15,8:14,Rural,Stream,5.424658,36,0,0,SJL,Late,-0.539513413,0.582104227,-0.098712531,NA,NA,NA,NA,NA,NA,NA,NA,NA,NA,37,3120,3360,5.49565887,2.893625639,2.602033231,0.1647062,74,-8.548672566
3,01SJL22,2022,right,IN,4448,N,6022263387,1353926.121,5.96,67.303,_B3_s1_right-1.tif,C8,38,NPY2R,29.34683609,29.49455643,0.208906755,E12,ACTB,21.54802704,21.47690964,0.100573845,2022,22-03-15,7:50,Rural,Stream,5.227848,31,0,1,SJL,Early,-0.419825144,0.595274471,0.006727964,NA,NA,NA,NA,NA,NA,NA,NA,NA,NA,37,3120,3360,8.01764679,6.579880107,1.437766683,0.369138295,74,-8.548672566
4,01SJL22,2022,right,IN,4448,N,6022263387,1353926.121,5.96,67.303,_B3_s1_right-1.tif,C6,38,NPY1R,27.73945999,27.57316589,0.146244898,E12,ACTB,21.54802704,21.47690964,0.100573845,2022,22-03-15,8:14,Rural,Stream,5.424658,36,0,0,SJL,Late,-0.539513413,0.582104227,-0.098712531,NA,NA,NA,NA,NA,NA,NA,NA,NA,NA,37,3120,3360,6.09625625,5.140238897,0.956017353,0.515477959,74,-8.548672566
5,01SJL22,2022,right,IN,4448,N,6022263387,1353926.121,5.96,67.303,_B3_s1_right-1.tif,C10,38,NPY5R,26.9395771,26.97256851,0.046656899,E12,ACTB,21.54802704,21.47690964,0.100573845,2022,22-03-15,7:50,Rural,Stream,5.227848,31,0,1,SJL,Early,-0.419825144,0.595274471,0.006727964,NA,NA,NA,NA,NA,NA,NA,NA,NA,NA,37,3120,3360,5.49565887,2.893625639,2.602033231,0.1647062,74,-8.548672566
6,01SJL22,2022,right,IN,4448,N,6022263387,1353926.121,5.96,67.303,_B3_s1_right-1.tif,C4,38,NPY,23.50457382,23.50592422,0.001911107,E12,ACTB,21.54802704,21.47690964,0.100573845,2022,22-03-15,8:14,Rural,Stream,5.424658,36,0,0,SJL,Late,-0.539513413,0.582104227,-0.098712531,NA,NA,NA,NA,NA,NA,NA,NA,NA,NA,37,3120,3360,2.02901458,1.836385207,0.192629373,0.875009525,74,-8.548672566
7,01SJL22,2022,right,IN,4448,N,6022263387,1353926.121,5.96,67.303,_B3_s1_right-1.tif,C6,38,NPY1R,27.73945999,27.57316589,0.146244898,E12,ACTB,21.54802704,21.47690964,0.100573845,2022,22-03-15,7:50,Rural,Stream,5.227848,31,0,1,SJL,Early,-0.419825144,0.595274471,0.006727964,NA,NA,NA,NA,NA,NA,NA,NA,NA,NA,37,3120,3360,6.09625625,5.140238897,0.956017353,0.515477959,74,-8.548672566
8,01SJL22,2022,right,IN,4448,N,6022263387,1353926.121,5.96,67.303,_B3_s1_right-1.tif,C8,38,NPY2R,29.34683609,29.49455643,0.208906755,E12,ACTB,21.54802704,21.47690964,0.100573845,2022,22-03-15,8:14,Rural,Stream,5.424658,36,0,0,SJL,Late,-0.539513413,0.582104227,-0.098712531,NA,NA,NA,NA,NA,NA,NA,NA,NA,NA,37,3120,3360,8.01764679,6.579880107,1.437766683,0.369138295,74,-8.548672566
17,01SJL22,2022,left,IN,3481,Y,4584304234,1316950.369,4.537,66.786,_B3_s1_leIN-1.tif,C4,38,NPY,23.50457382,23.50592422,0.001911107,E12,ACTB,21.54802704,21.47690964,0.100573845,2022,22-03-15,7:50,Rural,Stream,5.227848,31,0,1,SJL,Early,-0.419825144,0.595274471,0.006727964,NA,NA,NA,NA,NA,NA,NA,NA,NA,NA,37,3120,3360,2.02901458,1.836385207,0.192629373,0.875009525,74,-8.548672566
18,01SJL22,2022,left,IN,3481,N,4584304234,1316950.369,4.537,66.786,_B3_s1_leIN-1.tif,C10,38,NPY5R,26.9395771,26.97256851,0.046656899,E12,ACTB,21.54802704,21.47690964,0.100573845,2022,22-03-15,8:14,Rural,Stream,5.424658,36,0,0,SJL,Late,-0.539513413,0.582104227,-0.098712531,NA,NA,NA,NA,NA,NA,NA,NA,NA,NA,37,3120,3360,5.49565887,2.893625639,2.602033231,0.1647062,74,-8.548672566
19,01SJL22,2022,left,IN,3481,N,4584304234,1316950.369,4.537,66.786,_B3_s1_leIN-1.tif,C8,38,NPY2R,29.34683609,29.49455643,0.208906755,E12,ACTB,21.54802704,21.47690964,0.100573845,2022,22-03-15,7:50,Rural,Stream,5.227848,31,0,1,SJL,Early,-0.419825144,0.595274471,0.006727964,NA,NA,NA,NA,NA,NA,NA,NA,NA,NA,37,3120,3360,8.01764679,6.579880107,1.437766683,0.369138295,74,-8.548672566
20,01SJL22,2022,left,IN,3481,N,4584304234,1316950.369,4.537,66.786,_B3_s1_leIN-1.tif,C6,38,NPY1R,27.73945999,27.57316589,0.146244898,E12,ACTB,21.54802704,21.47690964,0.100573845,2022,22-03-15,8:14,Rural,Stream,5.424658,36,0,0,SJL,Late,-0.539513413,0.582104227,-0.098712531,NA,NA,NA,NA,NA,NA,NA,NA,NA,NA,37,3120,3360,6.09625625,5.140238897,0.956017353,0.515477959,74,-8.548672566
21,01SJL22,2022,left,IN,3481,N,4584304234,1316950.369,4.537,66.786,_B3_s1_leIN-1.tif,C10,38,NPY5R,26.9395771,26.97256851,0.046656899,E12,ACTB,21.54802704,21.47690964,0.100573845,2022,22-03-15,7:50,Rural,Stream,5.227848,31,0,1,SJL,Early,-0.419825144,0.595274471,0.006727964,NA,NA,NA,NA,NA,NA,NA,NA,NA,NA,37,3120,3360,5.49565887,2.893625639,2.602033231,0.1647062,74,-8.548672566
22,01SJL22,2022,left,IN,3481,N,4584304234,1316950.369,4.537,66.786,_B3_s1_leIN-1.tif,C4,38,NPY,23.50457382,23.50592422,0.001911107,E12,ACTB,21.54802704,21.47690964,0.100573845,2022,22-03-15,8:14,Rural,Stream,5.424658,36,0,0,SJL,Late,-0.539513413,0.582104227,-0.098712531,NA,NA,NA,NA,NA,NA,NA,NA,NA,NA,37,3120,3360,2.02901458,1.836385207,0.192629373,0.875009525,74,-8.548672566
23,01SJL22,2022,left,IN,3481,N,4584304234,1316950.369,4.537,66.786,_B3_s1_leIN-1.tif,C6,38,NPY1R,27.73945999,27.57316589,0.146244898,E12,ACTB,21.54802704,21.47690964,0.100573845,2022,22-03-15,7:50,Rural,Stream,5.227848,31,0,1,SJL,Early,-0.419825144,0.595274471,0.006727964,NA,NA,NA,NA,NA,NA,NA,NA,NA,NA,37,3120,3360,6.09625625,5.140238897,0.956017353,0.515477959,74,-8.548672566
24,01SJL22,2022,left,IN,3481,N,4584304234,1316950.369,4.537,66.786,_B3_s1_leIN-1.tif,C8,38,NPY2R,29.34683609,29.49455643,0.208906755,E12,ACTB,21.54802704,21.47690964,0.100573845,2022,22-03-15,8:14,Rural,Stream,5.424658,36,0,0,SJL,Late,-0.539513413,0.582104227,-0.098712531,NA,NA,NA,NA,NA,NA,NA,NA,NA,NA,37,3120,3360,8.01764679,6.579880107,1.437766683,0.369138295,74,-8.548672566
25,01SJL22,2022,right,PVN,1888,Y,1910978482,1012170.806,1.891,66.162,_B3_s2_right-1.tif,C4,38,NPY,23.50457382,23.50592422,0.001911107,E12,ACTB,21.54802704,21.47690964,0.100573845,2022,22-03-15,7:50,Rural,Stream,5.227848,31,0,1,SJL,Early,-0.419825144,0.595274471,0.006727964,NA,NA,NA,NA,NA,NA,NA,NA,NA,NA,37,3120,3360,2.02901458,1.836385207,0.192629373,0.875009525,74,-8.548672566
26,01SJL22,2022,right,PVN,1888,N,1910978482,1012170.806,1.891,66.162,_B3_s2_right-1.tif,C10,38,NPY5R,26.9395771,26.97256851,0.046656899,E12,ACTB,21.54802704,21.47690964,0.100573845,2022,22-03-15,8:14,Rural,Stream,5.424658,36,0,0,SJL,Late,-0.539513413,0.582104227,-0.098712531,NA,NA,NA,NA,NA,NA,NA,NA,NA,NA,37,3120,3360,5.49565887,2.893625639,2.602033231,0.1647062,74,-8.548672566
27,01SJL22,2022,right,PVN,1888,N,1910978482,1012170.806,1.891,66.162,_B3_s2_right-1.tif,C8,38,NPY2R,29.34683609,29.49455643,0.208906755,E12,ACTB,21.54802704,21.47690964,0.100573845,2022,22-03-15,7:50,Rural,Stream,5.227848,31,0,1,SJL,Early,-0.419825144,0.595274471,0.006727964,NA,NA,NA,NA,NA,NA,NA,NA,NA,NA,37,3120,3360,8.01764679,6.579880107,1.437766683,0.369138295,74,-8.548672566
28,01SJL22,2022,right,PVN,1888,N,1910978482,1012170.806,1.891,66.162,_B3_s2_right-1.tif,C6,38,NPY1R,27.73945999,27.57316589,0.146244898,E12,ACTB,21.54802704,21.47690964,0.100573845,2022,22-03-15,8:14,Rural,Stream,5.424658,36,0,0,SJL,Late,-0.539513413,0.582104227,-0.098712531,NA,NA,NA,NA,NA,NA,NA,NA,NA,NA,37,3120,3360,6.09625625,5.140238897,0.956017353,0.515477959,74,-8.548672566
29,01SJL22,2022,right,PVN,1888,N,1910978482,1012170.806,1.891,66.162,_B3_s2_right-1.tif,C10,38,NPY5R,26.9395771,26.97256851,0.046656899,E12,ACTB,21.54802704,21.47690964,0.100573845,2022,22-03-15,7:50,Rural,Stream,5.227848,31,0,1,SJL,Early,-0.419825144,0.595274471,0.006727964,NA,NA,NA,NA,NA,NA,NA,NA,NA,NA,37,3120,3360,5.49565887,2.893625639,2.602033231,0.1647062,74,-8.548672566
30,01SJL22,2022,right,PVN,1888,N,1910978482,1012170.806,1.891,66.162,_B3_s2_right-1.tif,C4,38,NPY,23.50457382,23.50592422,0.001911107,E12,ACTB,21.54802704,21.47690964,0.100573845,2022,22-03-15,8:14,Rural,Stream,5.424658,36,0,0,SJL,Late,-0.539513413,0.582104227,-0.098712531,NA,NA,NA,NA,NA,NA,NA,NA,NA,NA,37,3120,3360,2.02901458,1.836385207,0.192629373,0.875009525,74,-8.548672566
31,01SJL22,2022,right,PVN,1888,N,1910978482,1012170.806,1.891,66.162,_B3_s2_right-1.tif,C6,38,NPY1R,27.73945999,27.57316589,0.146244898,E12,ACTB,21.54802704,21.47690964,0.100573845,2022,22-03-15,7:50,Rural,Stream,5.227848,31,0,1,SJL,Early,-0.419825144,0.595274471,0.006727964,NA,NA,NA,NA,NA,NA,NA,NA,NA,NA,37,3120,3360,6.09625625,5.140238897,0.956017353,0.515477959,74,-8.548672566
32,01SJL22,2022,right,PVN,1888,N,1910978482,1012170.806,1.891,66.162,_B3_s2_right-1.tif,C8,38,NPY2R,29.34683609,29.49455643,0.208906755,E12,ACTB,21.54802704,21.47690964,0.100573845,2022,22-03-15,8:14,Rural,Stream,5.424658,36,0,0,SJL,Late,-0.539513413,0.582104227,-0.098712531,NA,NA,NA,NA,NA,NA,NA,NA,NA,NA,37,3120,3360,8.01764679,6.579880107,1.437766683,0.369138295,74,-8.548672566
33,02TEF22,2022,right,PVN,1658,Y,1653292505,997160.739,1.636,64.593,_B3_s2_right-1.tif,A6,59,NPY5R,26.84942055,26.86856842,0.027077833,B8,ACTB,22.57281876,22.51968765,0.075137377,2022,22-03-19,8:00,Urban,South VT,6.657534,28,0,0,TEF,Late,-0.714933615,0.325200171,-0.022746599,20,1,3.11,21.86,4.78,5.25,7.94,20.86,63.97,63.63,47,1140,1500,4.34888077,2.893625639,1.455255131,0.364690587,78,-4.548672566
34,02TEF22,2022,right,PVN,1658,N,1653292505,997160.739,1.636,64.593,_B3_s2_right-1.tif,A6,59,NPY2R,26.96473885,26.83742332,0.180051342,B8,ACTB,22.57281876,22.51968765,0.075137377,2022,22-03-19,8:00,Urban,South VT,6.657534,28,0,0,TEF,Late,-0.714933615,0.325200171,-0.022746599,20,1,3.11,21.86,4.78,5.25,7.94,20.86,63.97,63.63,47,1140,1500,4.31773567,6.579880107,-2.262144437,4.797039893,78,-4.548672566
35,02TEF22,2022,right,PVN,1658,N,1653292505,997160.739,1.636,64.593,_B3_s2_right-1.tif,A6,59,NPY2R,26.96473885,26.83742332,0.180051342,B8,ACTB,22.57281876,22.51968765,0.075137377,2022,22-03-19,8:00,Urban,South VT,5.123288,26,1,0,TEF,Early,-0.36777194,0.518335649,-0.247746324,20,1,3.11,21.86,4.78,5.25,7.94,20.86,63.97,63.63,47,1140,1500,4.31773567,6.579880107,-2.262144437,4.797039893,78,-4.548672566
36,02TEF22,2022,right,PVN,1658,N,1653292505,997160.739,1.636,64.593,_B3_s2_right-1.tif,G12,59,NPY,24.19613457,24.17206573,0.034037121,B8,ACTB,22.57281876,22.51968765,0.075137377,2022,22-03-19,8:00,Urban,South VT,6.657534,28,0,0,TEF,Late,-0.714933615,0.325200171,-0.022746599,20,1,3.11,21.86,4.78,5.25,7.94,20.86,63.97,63.63,47,1140,1500,1.65237808,1.836385207,-0.184007127,1.136034877,78,-4.548672566
37,02TEF22,2022,right,PVN,1658,N,1653292505,997160.739,1.636,64.593,_B3_s2_right-1.tif,H6,59,NPY1R,24.208992,24.04929733,0.225843713,B8,ACTB,22.57281876,22.51968765,0.075137377,2022,22-03-19,8:00,Urban,South VT,5.123288,26,1,0,TEF,Early,-0.36777194,0.518335649,-0.247746324,20,1,3.11,21.86,4.78,5.25,7.94,20.86,63.97,63.63,47,1140,1500,1.52960968,5.140238897,-3.610629217,12.21540014,78,-4.548672566
38,02TEF22,2022,right,PVN,1658,N,1653292505,997160.739,1.636,64.593,_B3_s2_right-1.tif,A6,59,NPY5R,26.84942055,26.86856842,0.027077833,B8,ACTB,22.57281876,22.51968765,0.075137377,2022,22-03-19,8:00,Urban,South VT,5.123288,26,1,0,TEF,Early,-0.36777194,0.518335649,-0.247746324,20,1,3.11,21.86,4.78,5.25,7.94,20.86,63.97,63.63,47,1140,1500,4.34888077,2.893625639,1.455255131,0.364690587,78,-4.548672566
39,02TEF22,2022,right,PVN,1658,N,1653292505,997160.739,1.636,64.593,_B3_s2_right-1.tif,H6,59,NPY1R,24.208992,24.04929733,0.225843713,B8,ACTB,22.57281876,22.51968765,0.075137377,2022,22-03-19,8:00,Urban,South VT,6.657534,28,0,0,TEF,Late,-0.714933615,0.325200171,-0.022746599,20,1,3.11,21.86,4.78,5.25,7.94,20.86,63.97,63.63,47,1140,1500,1.52960968,5.140238897,-3.610629217,12.21540014,78,-4.548672566
40,02TEF22,2022,right,PVN,1658,N,1653292505,997160.739,1.636,64.593,_B3_s2_right-1.tif,G12,59,NPY,24.19613457,24.17206573,0.034037121,B8,ACTB,22.57281876,22.51968765,0.075137377,2022,22-03-19,8:00,Urban,South VT,5.123288,26,1,0,TEF,Early,-0.36777194,0.518335649,-0.247746324,20,1,3.11,21.86,4.78,5.25,7.94,20.86,63.97,63.63,47,1140,1500,1.65237808,1.836385207,-0.184007127,1.136034877,78,-4.548672566
41,02TEF22,2022,left,PVN,1937,Y,1818292737,938715.92,1.799,66.793,_B3_s2_lePVN-1.tif,A6,59,NPY5R,26.84942055,26.86856842,0.027077833,B8,ACTB,22.57281876,22.51968765,0.075137377,2022,22-03-19,8:00,Urban,South VT,6.657534,28,0,0,TEF,Late,-0.714933615,0.325200171,-0.022746599,20,1,3.11,21.86,4.78,5.25,7.94,20.86,63.97,63.63,47,1140,1500,4.34888077,2.893625639,1.455255131,0.364690587,78,-4.548672566
42,02TEF22,2022,left,PVN,1937,N,1818292737,938715.92,1.799,66.793,_B3_s2_lePVN-1.tif,A6,59,NPY2R,26.96473885,26.83742332,0.180051342,B8,ACTB,22.57281876,22.51968765,0.075137377,2022,22-03-19,8:00,Urban,South VT,6.657534,28,0,0,TEF,Late,-0.714933615,0.325200171,-0.022746599,20,1,3.11,21.86,4.78,5.25,7.94,20.86,63.97,63.63,47,1140,1500,4.31773567,6.579880107,-2.262144437,4.797039893,78,-4.548672566
43,02TEF22,2022,left,PVN,1937,N,1818292737,938715.92,1.799,66.793,_B3_s2_lePVN-1.tif,A6,59,NPY2R,26.96473885,26.83742332,0.180051342,B8,ACTB,22.57281876,22.51968765,0.075137377,2022,22-03-19,8:00,Urban,South VT,5.123288,26,1,0,TEF,Early,-0.36777194,0.518335649,-0.247746324,20,1,3.11,21.86,4.78,5.25,7.94,20.86,63.97,63.63,47,1140,1500,4.31773567,6.579880107,-2.262144437,4.797039893,78,-4.548672566
44,02TEF22,2022,left,PVN,1937,N,1818292737,938715.92,1.799,66.793,_B3_s2_lePVN-1.tif,G12,59,NPY,24.19613457,24.17206573,0.034037121,B8,ACTB,22.57281876,22.51968765,0.075137377,2022,22-03-19,8:00,Urban,South VT,6.657534,28,0,0,TEF,Late,-0.714933615,0.325200171,-0.022746599,20,1,3.11,21.86,4.78,5.25,7.94,20.86,63.97,63.63,47,1140,1500,1.65237808,1.836385207,-0.184007127,1.136034877,78,-4.548672566
45,02TEF22,2022,left,PVN,1937,N,1818292737,938715.92,1.799,66.793,_B3_s2_lePVN-1.tif,H6,59,NPY1R,24.208992,24.04929733,0.225843713,B8,ACTB,22.57281876,22.51968765,0.075137377,2022,22-03-19,8:00,Urban,South VT,5.123288,26,1,0,TEF,Early,-0.36777194,0.518335649,-0.247746324,20,1,3.11,21.86,4.78,5.25,7.94,20.86,63.97,63.63,47,1140,1500,1.52960968,5.140238897,-3.610629217,12.21540014,78,-4.548672566
46,02TEF22,2022,left,PVN,1937,N,1818292737,938715.92,1.799,66.793,_B3_s2_lePVN-1.tif,A6,59,NPY5R,26.84942055,26.86856842,0.027077833,B8,ACTB,22.57281876,22.51968765,0.075137377,2022,22-03-19,8:00,Urban,South VT,5.123288,26,1,0,TEF,Early,-0.36777194,0.518335649,-0.247746324,20,1,3.11,21.86,4.78,5.25,7.94,20.86,63.97,63.63,47,1140,1500,4.34888077,2.893625639,1.455255131,0.364690587,78,-4.548672566
47,02TEF22,2022,left,PVN,1937,N,1818292737,938715.92,1.799,66.793,_B3_s2_lePVN-1.tif,H6,59,NPY1R,24.208992,24.04929733,0.225843713,B8,ACTB,22.57281876,22.51968765,0.075137377,2022,22-03-19,8:00,Urban,South VT,6.657534,28,0,0,TEF,Late,-0.714933615,0.325200171,-0.022746599,20,1,3.11,21.86,4.78,5.25,7.94,20.86,63.97,63.63,47,1140,1500,1.52960968,5.140238897,-3.610629217,12.21540014,78,-4.548672566
48,02TEF22,2022,left,PVN,1937,N,1818292737,938715.92,1.799,66.793,_B3_s2_lePVN-1.tif,G12,59,NPY,24.19613457,24.17206573,0.034037121,B8,ACTB,22.57281876,22.51968765,0.075137377,2022,22-03-19,8:00,Urban,South VT,5.123288,26,1,0,TEF,Early,-0.36777194,0.518335649,-0.247746324,20,1,3.11,21.86,4.78,5.25,7.94,20.86,63.97,63.63,47,1140,1500,1.65237808,1.836385207,-0.184007127,1.136034877,78,-4.548672566
49,02TEF22,2022,left,IN,2467,Y,2556348494,1036217.468,2.53,66.278,_B3_s2_leIN-1.tif,A6,59,NPY5R,26.84942055,26.86856842,0.027077833,B8,ACTB,22.57281876,22.51968765,0.075137377,2022,22-03-19,8:00,Urban,South VT,6.657534,28,0,0,TEF,Late,-0.714933615,0.325200171,-0.022746599,20,1,3.11,21.86,4.78,5.25,7.94,20.86,63.97,63.63,47,1140,1500,4.34888077,2.893625639,1.455255131,0.364690587,78,-4.548672566
50,02TEF22,2022,left,IN,2467,N,2556348494,1036217.468,2.53,66.278,_B3_s2_leIN-1.tif,A6,59,NPY2R,26.96473885,26.83742332,0.180051342,B8,ACTB,22.57281876,22.51968765,0.075137377,2022,22-03-19,8:00,Urban,South VT,6.657534,28,0,0,TEF,Late,-0.714933615,0.325200171,-0.022746599,20,1,3.11,21.86,4.78,5.25,7.94,20.86,63.97,63.63,47,1140,1500,4.31773567,6.579880107,-2.262144437,4.797039893,78,-4.548672566
51,02TEF22,2022,left,IN,2467,N,2556348494,1036217.468,2.53,66.278,_B3_s2_leIN-1.tif,A6,59,NPY2R,26.96473885,26.83742332,0.180051342,B8,ACTB,22.57281876,22.51968765,0.075137377,2022,22-03-19,8:00,Urban,South VT,5.123288,26,1,0,TEF,Early,-0.36777194,0.518335649,-0.247746324,20,1,3.11,21.86,4.78,5.25,7.94,20.86,63.97,63.63,47,1140,1500,4.31773567,6.579880107,-2.262144437,4.797039893,78,-4.548672566
52,02TEF22,2022,left,IN,2467,N,2556348494,1036217.468,2.53,66.278,_B3_s2_leIN-1.tif,G12,59,NPY,24.19613457,24.17206573,0.034037121,B8,ACTB,22.57281876,22.51968765,0.075137377,2022,22-03-19,8:00,Urban,South VT,6.657534,28,0,0,TEF,Late,-0.714933615,0.325200171,-0.022746599,20,1,3.11,21.86,4.78,5.25,7.94,20.86,63.97,63.63,47,1140,1500,1.65237808,1.836385207,-0.184007127,1.136034877,78,-4.548672566
53,02TEF22,2022,left,IN,2467,N,2556348494,1036217.468,2.53,66.278,_B3_s2_leIN-1.tif,H6,59,NPY1R,24.208992,24.04929733,0.225843713,B8,ACTB,22.57281876,22.51968765,0.075137377,2022,22-03-19,8:00,Urban,South VT,5.123288,26,1,0,TEF,Early,-0.36777194,0.518335649,-0.247746324,20,1,3.11,21.86,4.78,5.25,7.94,20.86,63.97,63.63,47,1140,1500,1.52960968,5.140238897,-3.610629217,12.21540014,78,-4.548672566
54,02TEF22,2022,left,IN,2467,N,2556348494,1036217.468,2.53,66.278,_B3_s2_leIN-1.tif,A6,59,NPY5R,26.84942055,26.86856842,0.027077833,B8,ACTB,22.57281876,22.51968765,0.075137377,2022,22-03-19,8:00,Urban,South VT,5.123288,26,1,0,TEF,Early,-0.36777194,0.518335649,-0.247746324,20,1,3.11,21.86,4.78,5.25,7.94,20.86,63.97,63.63,47,1140,1500,4.34888077,2.893625639,1.455255131,0.364690587,78,-4.548672566
55,02TEF22,2022,left,IN,2467,N,2556348494,1036217.468,2.53,66.278,_B3_s2_leIN-1.tif,H6,59,NPY1R,24.208992,24.04929733,0.225843713,B8,ACTB,22.57281876,22.51968765,0.075137377,2022,22-03-19,8:00,Urban,South VT,6.657534,28,0,0,TEF,Late,-0.714933615,0.325200171,-0.022746599,20,1,3.11,21.86,4.78,5.25,7.94,20.86,63.97,63.63,47,1140,1500,1.52960968,5.140238897,-3.610629217,12.21540014,78,-4.548672566
56,02TEF22,2022,left,IN,2467,N,2556348494,1036217.468,2.53,66.278,_B3_s2_leIN-1.tif,G12,59,NPY,24.19613457,24.17206573,0.034037121,B8,ACTB,22.57281876,22.51968765,0.075137377,2022,22-03-19,8:00,Urban,South VT,5.123288,26,1,0,TEF,Early,-0.36777194,0.518335649,-0.247746324,20,1,3.11,21.86,4.78,5.25,7.94,20.86,63.97,63.63,47,1140,1500,1.65237808,1.836385207,-0.184007127,1.136034877,78,-4.548672566
57,02TEF22,2022,right,IN,2870,Y,3420622081,1191854.384,3.385,66.727,_B3_s2_right-1.tif,A6,59,NPY5R,26.84942055,26.86856842,0.027077833,B8,ACTB,22.57281876,22.51968765,0.075137377,2022,22-03-19,8:00,Urban,South VT,6.657534,28,0,0,TEF,Late,-0.714933615,0.325200171,-0.022746599,20,1,3.11,21.86,4.78,5.25,7.94,20.86,63.97,63.63,47,1140,1500,4.34888077,2.893625639,1.455255131,0.364690587,78,-4.548672566
58,02TEF22,2022,right,IN,2870,N,3420622081,1191854.384,3.385,66.727,_B3_s2_right-1.tif,A6,59,NPY2R,26.96473885,26.83742332,0.180051342,B8,ACTB,22.57281876,22.51968765,0.075137377,2022,22-03-19,8:00,Urban,South VT,6.657534,28,0,0,TEF,Late,-0.714933615,0.325200171,-0.022746599,20,1,3.11,21.86,4.78,5.25,7.94,20.86,63.97,63.63,47,1140,1500,4.31773567,6.579880107,-2.262144437,4.797039893,78,-4.548672566
59,02TEF22,2022,right,IN,2870,N,3420622081,1191854.384,3.385,66.727,_B3_s2_right-1.tif,A6,59,NPY2R,26.96473885,26.83742332,0.180051342,B8,ACTB,22.57281876,22.51968765,0.075137377,2022,22-03-19,8:00,Urban,South VT,5.123288,26,1,0,TEF,Early,-0.36777194,0.518335649,-0.247746324,20,1,3.11,21.86,4.78,5.25,7.94,20.86,63.97,63.63,47,1140,1500,4.31773567,6.579880107,-2.262144437,4.797039893,78,-4.548672566
60,02TEF22,2022,right,IN,2870,N,3420622081,1191854.384,3.385,66.727,_B3_s2_right-1.tif,G12,59,NPY,24.19613457,24.17206573,0.034037121,B8,ACTB,22.57281876,22.51968765,0.075137377,2022,22-03-19,8:00,Urban,South VT,6.657534,28,0,0,TEF,Late,-0.714933615,0.325200171,-0.022746599,20,1,3.11,21.86,4.78,5.25,7.94,20.86,63.97,63.63,47,1140,1500,1.65237808,1.836385207,-0.184007127,1.136034877,78,-4.548672566
61,02TEF22,2022,right,IN,2870,N,3420622081,1191854.384,3.385,66.727,_B3_s2_right-1.tif,H6,59,NPY1R,24.208992,24.04929733,0.225843713,B8,ACTB,22.57281876,22.51968765,0.075137377,2022,22-03-19,8:00,Urban,South VT,5.123288,26,1,0,TEF,Early,-0.36777194,0.518335649,-0.247746324,20,1,3.11,21.86,4.78,5.25,7.94,20.86,63.97,63.63,47,1140,1500,1.52960968,5.140238897,-3.610629217,12.21540014,78,-4.548672566
62,02TEF22,2022,right,IN,2870,N,3420622081,1191854.384,3.385,66.727,_B3_s2_right-1.tif,A6,59,NPY5R,26.84942055,26.86856842,0.027077833,B8,ACTB,22.57281876,22.51968765,0.075137377,2022,22-03-19,8:00,Urban,South VT,5.123288,26,1,0,TEF,Early,-0.36777194,0.518335649,-0.247746324,20,1,3.11,21.86,4.78,5.25,7.94,20.86,63.97,63.63,47,1140,1500,4.34888077,2.893625639,1.455255131,0.364690587,78,-4.548672566
63,02TEF22,2022,right,IN,2870,N,3420622081,1191854.384,3.385,66.727,_B3_s2_right-1.tif,H6,59,NPY1R,24.208992,24.04929733,0.225843713,B8,ACTB,22.57281876,22.51968765,0.075137377,2022,22-03-19,8:00,Urban,South VT,6.657534,28,0,0,TEF,Late,-0.714933615,0.325200171,-0.022746599,20,1,3.11,21.86,4.78,5.25,7.94,20.86,63.97,63.63,47,1140,1500,1.52960968,5.140238897,-3.610629217,12.21540014,78,-4.548672566
64,02TEF22,2022,right,IN,2870,N,3420622081,1191854.384,3.385,66.727,_B3_s2_right-1.tif,G12,59,NPY,24.19613457,24.17206573,0.034037121,B8,ACTB,22.57281876,22.51968765,0.075137377,2022,22-03-19,8:00,Urban,South VT,5.123288,26,1,0,TEF,Early,-0.36777194,0.518335649,-0.247746324,20,1,3.11,21.86,4.78,5.25,7.94,20.86,63.97,63.63,47,1140,1500,1.65237808,1.836385207,-0.184007127,1.136034877,78,-4.548672566
65,05SJL22,2022,right,PVN,2099,Y,1922879221,916093.007,1.903,68.463,_B4_s1_right-1.tif,D4,35,NPY,23.70158195,23.55954361,0.200871199,F8,ACTB,21.25430679,21.23674393,0.024836294,2022,22-03-22,7:31,Rural,Kentland,2.694444,11,10,3,SJL,Early,1.412621064,-0.198174998,-1.21888119,20.5,0,3.01,24.59,6.02,6.55,8.7,21.59,66.94,68.46,36,2940,3420,2.32279968,1.836385207,0.486414473,0.713796893,81,-1.548672566
66,05SJL22,2022,right,PVN,2099,N,1922879221,916093.007,1.903,68.463,_B4_s1_right-1.tif,E6,35,NPY5R,27.97097969,28.06932449,0.139080554,F8,ACTB,21.25430679,21.23674393,0.024836294,2022,22-03-22,7:31,Rural,Kentland,2.694444,11,10,3,SJL,Early,1.412621064,-0.198174998,-1.21888119,20.5,0,3.01,24.59,6.02,6.55,8.7,21.59,66.94,68.46,36,2940,3420,6.83258056,2.893625639,3.938954921,0.065201324,81,-1.548672566
67,05SJL22,2022,right,PVN,2099,N,1922879221,916093.007,1.903,68.463,_B4_s1_right-1.tif,A12,35,NPY1R,27.83942032,27.858284,0.026678618,F8,ACTB,21.25430679,21.23674393,0.024836294,2022,22-03-22,7:55,Rural,Kentland,1.493151,25,0,1,SJL,Late,0.111567305,1.373502254,-0.223392182,20.5,0,3.01,24.59,6.02,6.55,8.7,21.59,66.94,68.46,36,2940,3420,6.62154007,5.140238897,1.481301173,0.358165635,81,-1.548672566
68,05SJL22,2022,right,PVN,2099,N,1922879221,916093.007,1.903,68.463,_B4_s1_right-1.tif,A12,35,NPY1R,27.83942032,27.858284,0.026678618,F8,ACTB,21.25430679,21.23674393,0.024836294,2022,22-03-22,7:31,Rural,Kentland,2.694444,11,10,3,SJL,Early,1.412621064,-0.198174998,-1.21888119,20.5,0,3.01,24.59,6.02,6.55,8.7,21.59,66.94,68.46,36,2940,3420,6.62154007,5.140238897,1.481301173,0.358165635,81,-1.548672566
69,05SJL22,2022,right,PVN,2099,N,1922879221,916093.007,1.903,68.463,_B4_s1_right-1.tif,E6,35,NPY5R,27.97097969,28.06932449,0.139080554,F8,ACTB,21.25430679,21.23674393,0.024836294,2022,22-03-22,7:55,Rural,Kentland,1.493151,25,0,1,SJL,Late,0.111567305,1.373502254,-0.223392182,20.5,0,3.01,24.59,6.02,6.55,8.7,21.59,66.94,68.46,36,2940,3420,6.83258056,2.893625639,3.938954921,0.065201324,81,-1.548672566
70,05SJL22,2022,right,PVN,2099,N,1922879221,916093.007,1.903,68.463,_B4_s1_right-1.tif,D4,35,NPY,23.70158195,23.55954361,0.200871199,F8,ACTB,21.25430679,21.23674393,0.024836294,2022,22-03-22,7:55,Rural,Kentland,1.493151,25,0,1,SJL,Late,0.111567305,1.373502254,-0.223392182,20.5,0,3.01,24.59,6.02,6.55,8.7,21.59,66.94,68.46,36,2940,3420,2.32279968,1.836385207,0.486414473,0.713796893,81,-1.548672566
71,05SJL22,2022,right,PVN,2099,N,1922879221,916093.007,1.903,68.463,_B4_s1_right-1.tif,E6,35,NPY2R,28.96223259,28.94935989,0.018203393,F8,ACTB,21.25430679,21.23674393,0.024836294,2022,22-03-22,7:31,Rural,Kentland,2.694444,11,10,3,SJL,Early,1.412621064,-0.198174998,-1.21888119,20.5,0,3.01,24.59,6.02,6.55,8.7,21.59,66.94,68.46,36,2940,3420,7.71261596,6.579880107,1.132735853,0.456050075,81,-1.548672566
72,05SJL22,2022,right,PVN,2099,N,1922879221,916093.007,1.903,68.463,_B4_s1_right-1.tif,E6,35,NPY2R,28.96223259,28.94935989,0.018203393,F8,ACTB,21.25430679,21.23674393,0.024836294,2022,22-03-22,7:55,Rural,Kentland,1.493151,25,0,1,SJL,Late,0.111567305,1.373502254,-0.223392182,20.5,0,3.01,24.59,6.02,6.55,8.7,21.59,66.94,68.46,36,2940,3420,7.71261596,6.579880107,1.132735853,0.456050075,81,-1.548672566
73,05SJL22,2022,left,IN,2337,Y,2593170783,1109615.226,2.566,67.35,_B4_s1_leIN-1.tif,D4,35,NPY,23.70158195,23.55954361,0.200871199,F8,ACTB,21.25430679,21.23674393,0.024836294,2022,22-03-22,7:31,Rural,Kentland,2.694444,11,10,3,SJL,Early,1.412621064,-0.198174998,-1.21888119,20.5,0,3.01,24.59,6.02,6.55,8.7,21.59,66.94,68.46,36,2940,3420,2.32279968,1.836385207,0.486414473,0.713796893,81,-1.548672566
74,05SJL22,2022,left,IN,2337,N,2593170783,1109615.226,2.566,67.35,_B4_s1_leIN-1.tif,E6,35,NPY5R,27.97097969,28.06932449,0.139080554,F8,ACTB,21.25430679,21.23674393,0.024836294,2022,22-03-22,7:31,Rural,Kentland,2.694444,11,10,3,SJL,Early,1.412621064,-0.198174998,-1.21888119,20.5,0,3.01,24.59,6.02,6.55,8.7,21.59,66.94,68.46,36,2940,3420,6.83258056,2.893625639,3.938954921,0.065201324,81,-1.548672566
75,05SJL22,2022,left,IN,2337,N,2593170783,1109615.226,2.566,67.35,_B4_s1_leIN-1.tif,A12,35,NPY1R,27.83942032,27.858284,0.026678618,F8,ACTB,21.25430679,21.23674393,0.024836294,2022,22-03-22,7:55,Rural,Kentland,1.493151,25,0,1,SJL,Late,0.111567305,1.373502254,-0.223392182,20.5,0,3.01,24.59,6.02,6.55,8.7,21.59,66.94,68.46,36,2940,3420,6.62154007,5.140238897,1.481301173,0.358165635,81,-1.548672566
76,05SJL22,2022,left,IN,2337,N,2593170783,1109615.226,2.566,67.35,_B4_s1_leIN-1.tif,A12,35,NPY1R,27.83942032,27.858284,0.026678618,F8,ACTB,21.25430679,21.23674393,0.024836294,2022,22-03-22,7:31,Rural,Kentland,2.694444,11,10,3,SJL,Early,1.412621064,-0.198174998,-1.21888119,20.5,0,3.01,24.59,6.02,6.55,8.7,21.59,66.94,68.46,36,2940,3420,6.62154007,5.140238897,1.481301173,0.358165635,81,-1.548672566
77,05SJL22,2022,left,IN,2337,N,2593170783,1109615.226,2.566,67.35,_B4_s1_leIN-1.tif,E6,35,NPY5R,27.97097969,28.06932449,0.139080554,F8,ACTB,21.25430679,21.23674393,0.024836294,2022,22-03-22,7:55,Rural,Kentland,1.493151,25,0,1,SJL,Late,0.111567305,1.373502254,-0.223392182,20.5,0,3.01,24.59,6.02,6.55,8.7,21.59,66.94,68.46,36,2940,3420,6.83258056,2.893625639,3.938954921,0.065201324,81,-1.548672566
78,05SJL22,2022,left,IN,2337,N,2593170783,1109615.226,2.566,67.35,_B4_s1_leIN-1.tif,D4,35,NPY,23.70158195,23.55954361,0.200871199,F8,ACTB,21.25430679,21.23674393,0.024836294,2022,22-03-22,7:55,Rural,Kentland,1.493151,25,0,1,SJL,Late,0.111567305,1.373502254,-0.223392182,20.5,0,3.01,24.59,6.02,6.55,8.7,21.59,66.94,68.46,36,2940,3420,2.32279968,1.836385207,0.486414473,0.713796893,81,-1.548672566
79,05SJL22,2022,left,IN,2337,N,2593170783,1109615.226,2.566,67.35,_B4_s1_leIN-1.tif,E6,35,NPY2R,28.96223259,28.94935989,0.018203393,F8,ACTB,21.25430679,21.23674393,0.024836294,2022,22-03-22,7:31,Rural,Kentland,2.694444,11,10,3,SJL,Early,1.412621064,-0.198174998,-1.21888119,20.5,0,3.01,24.59,6.02,6.55,8.7,21.59,66.94,68.46,36,2940,3420,7.71261596,6.579880107,1.132735853,0.456050075,81,-1.548672566
80,05SJL22,2022,left,IN,2337,N,2593170783,1109615.226,2.566,67.35,_B4_s1_leIN-1.tif,E6,35,NPY2R,28.96223259,28.94935989,0.018203393,F8,ACTB,21.25430679,21.23674393,0.024836294,2022,22-03-22,7:55,Rural,Kentland,1.493151,25,0,1,SJL,Late,0.111567305,1.373502254,-0.223392182,20.5,0,3.01,24.59,6.02,6.55,8.7,21.59,66.94,68.46,36,2940,3420,7.71261596,6.579880107,1.132735853,0.456050075,81,-1.548672566
81,05SJL22,2022,left,PVN,1942,Y,1952281043,1005294.049,1.932,68.136,_B4_s1_lePVN-1.tif,D4,35,NPY,23.70158195,23.55954361,0.200871199,F8,ACTB,21.25430679,21.23674393,0.024836294,2022,22-03-22,7:31,Rural,Kentland,2.694444,11,10,3,SJL,Early,1.412621064,-0.198174998,-1.21888119,20.5,0,3.01,24.59,6.02,6.55,8.7,21.59,66.94,68.46,36,2940,3420,2.32279968,1.836385207,0.486414473,0.713796893,81,-1.548672566
82,05SJL22,2022,left,PVN,1942,N,1952281043,1005294.049,1.932,68.136,_B4_s1_lePVN-1.tif,E6,35,NPY5R,27.97097969,28.06932449,0.139080554,F8,ACTB,21.25430679,21.23674393,0.024836294,2022,22-03-22,7:31,Rural,Kentland,2.694444,11,10,3,SJL,Early,1.412621064,-0.198174998,-1.21888119,20.5,0,3.01,24.59,6.02,6.55,8.7,21.59,66.94,68.46,36,2940,3420,6.83258056,2.893625639,3.938954921,0.065201324,81,-1.548672566
83,05SJL22,2022,left,PVN,1942,N,1952281043,1005294.049,1.932,68.136,_B4_s1_lePVN-1.tif,A12,35,NPY1R,27.83942032,27.858284,0.026678618,F8,ACTB,21.25430679,21.23674393,0.024836294,2022,22-03-22,7:55,Rural,Kentland,1.493151,25,0,1,SJL,Late,0.111567305,1.373502254,-0.223392182,20.5,0,3.01,24.59,6.02,6.55,8.7,21.59,66.94,68.46,36,2940,3420,6.62154007,5.140238897,1.481301173,0.358165635,81,-1.548672566
84,05SJL22,2022,left,PVN,1942,N,1952281043,1005294.049,1.932,68.136,_B4_s1_lePVN-1.tif,A12,35,NPY1R,27.83942032,27.858284,0.026678618,F8,ACTB,21.25430679,21.23674393,0.024836294,2022,22-03-22,7:31,Rural,Kentland,2.694444,11,10,3,SJL,Early,1.412621064,-0.198174998,-1.21888119,20.5,0,3.01,24.59,6.02,6.55,8.7,21.59,66.94,68.46,36,2940,3420,6.62154007,5.140238897,1.481301173,0.358165635,81,-1.548672566
85,05SJL22,2022,left,PVN,1942,N,1952281043,1005294.049,1.932,68.136,_B4_s1_lePVN-1.tif,E6,35,NPY5R,27.97097969,28.06932449,0.139080554,F8,ACTB,21.25430679,21.23674393,0.024836294,2022,22-03-22,7:55,Rural,Kentland,1.493151,25,0,1,SJL,Late,0.111567305,1.373502254,-0.223392182,20.5,0,3.01,24.59,6.02,6.55,8.7,21.59,66.94,68.46,36,2940,3420,6.83258056,2.893625639,3.938954921,0.065201324,81,-1.548672566
86,05SJL22,2022,left,PVN,1942,N,1952281043,1005294.049,1.932,68.136,_B4_s1_lePVN-1.tif,D4,35,NPY,23.70158195,23.55954361,0.200871199,F8,ACTB,21.25430679,21.23674393,0.024836294,2022,22-03-22,7:55,Rural,Kentland,1.493151,25,0,1,SJL,Late,0.111567305,1.373502254,-0.223392182,20.5,0,3.01,24.59,6.02,6.55,8.7,21.59,66.94,68.46,36,2940,3420,2.32279968,1.836385207,0.486414473,0.713796893,81,-1.548672566
87,05SJL22,2022,left,PVN,1942,N,1952281043,1005294.049,1.932,68.136,_B4_s1_lePVN-1.tif,E6,35,NPY2R,28.96223259,28.94935989,0.018203393,F8,ACTB,21.25430679,21.23674393,0.024836294,2022,22-03-22,7:31,Rural,Kentland,2.694444,11,10,3,SJL,Early,1.412621064,-0.198174998,-1.21888119,20.5,0,3.01,24.59,6.02,6.55,8.7,21.59,66.94,68.46,36,2940,3420,7.71261596,6.579880107,1.132735853,0.456050075,81,-1.548672566
88,05SJL22,2022,left,PVN,1942,N,1952281043,1005294.049,1.932,68.136,_B4_s1_lePVN-1.tif,E6,35,NPY2R,28.96223259,28.94935989,0.018203393,F8,ACTB,21.25430679,21.23674393,0.024836294,2022,22-03-22,7:55,Rural,Kentland,1.493151,25,0,1,SJL,Late,0.111567305,1.373502254,-0.223392182,20.5,0,3.01,24.59,6.02,6.55,8.7,21.59,66.94,68.46,36,2940,3420,7.71261596,6.579880107,1.132735853,0.456050075,81,-1.548672566
89,05SJL22,2022,right,IN,2414,Y,2514275889,1041539.308,2.488,67.498,_B4_s1_right-1.tif,D4,35,NPY,23.70158195,23.55954361,0.200871199,F8,ACTB,21.25430679,21.23674393,0.024836294,2022,22-03-22,7:31,Rural,Kentland,2.694444,11,10,3,SJL,Early,1.412621064,-0.198174998,-1.21888119,20.5,0,3.01,24.59,6.02,6.55,8.7,21.59,66.94,68.46,36,2940,3420,2.32279968,1.836385207,0.486414473,0.713796893,81,-1.548672566
90,05SJL22,2022,right,IN,2414,N,2514275889,1041539.308,2.488,67.498,_B4_s1_right-1.tif,E6,35,NPY5R,27.97097969,28.06932449,0.139080554,F8,ACTB,21.25430679,21.23674393,0.024836294,2022,22-03-22,7:31,Rural,Kentland,2.694444,11,10,3,SJL,Early,1.412621064,-0.198174998,-1.21888119,20.5,0,3.01,24.59,6.02,6.55,8.7,21.59,66.94,68.46,36,2940,3420,6.83258056,2.893625639,3.938954921,0.065201324,81,-1.548672566
91,05SJL22,2022,right,IN,2414,N,2514275889,1041539.308,2.488,67.498,_B4_s1_right-1.tif,A12,35,NPY1R,27.83942032,27.858284,0.026678618,F8,ACTB,21.25430679,21.23674393,0.024836294,2022,22-03-22,7:55,Rural,Kentland,1.493151,25,0,1,SJL,Late,0.111567305,1.373502254,-0.223392182,20.5,0,3.01,24.59,6.02,6.55,8.7,21.59,66.94,68.46,36,2940,3420,6.62154007,5.140238897,1.481301173,0.358165635,81,-1.548672566
92,05SJL22,2022,right,IN,2414,N,2514275889,1041539.308,2.488,67.498,_B4_s1_right-1.tif,A12,35,NPY1R,27.83942032,27.858284,0.026678618,F8,ACTB,21.25430679,21.23674393,0.024836294,2022,22-03-22,7:31,Rural,Kentland,2.694444,11,10,3,SJL,Early,1.412621064,-0.198174998,-1.21888119,20.5,0,3.01,24.59,6.02,6.55,8.7,21.59,66.94,68.46,36,2940,3420,6.62154007,5.140238897,1.481301173,0.358165635,81,-1.548672566
93,05SJL22,2022,right,IN,2414,N,2514275889,1041539.308,2.488,67.498,_B4_s1_right-1.tif,E6,35,NPY5R,27.97097969,28.06932449,0.139080554,F8,ACTB,21.25430679,21.23674393,0.024836294,2022,22-03-22,7:55,Rural,Kentland,1.493151,25,0,1,SJL,Late,0.111567305,1.373502254,-0.223392182,20.5,0,3.01,24.59,6.02,6.55,8.7,21.59,66.94,68.46,36,2940,3420,6.83258056,2.893625639,3.938954921,0.065201324,81,-1.548672566
94,05SJL22,2022,right,IN,2414,N,2514275889,1041539.308,2.488,67.498,_B4_s1_right-1.tif,D4,35,NPY,23.70158195,23.55954361,0.200871199,F8,ACTB,21.25430679,21.23674393,0.024836294,2022,22-03-22,7:55,Rural,Kentland,1.493151,25,0,1,SJL,Late,0.111567305,1.373502254,-0.223392182,20.5,0,3.01,24.59,6.02,6.55,8.7,21.59,66.94,68.46,36,2940,3420,2.32279968,1.836385207,0.486414473,0.713796893,81,-1.548672566
95,05SJL22,2022,right,IN,2414,N,2514275889,1041539.308,2.488,67.498,_B4_s1_right-1.tif,E6,35,NPY2R,28.96223259,28.94935989,0.018203393,F8,ACTB,21.25430679,21.23674393,0.024836294,2022,22-03-22,7:31,Rural,Kentland,2.694444,11,10,3,SJL,Early,1.412621064,-0.198174998,-1.21888119,20.5,0,3.01,24.59,6.02,6.55,8.7,21.59,66.94,68.46,36,2940,3420,7.71261596,6.579880107,1.132735853,0.456050075,81,-1.548672566
96,05SJL22,2022,right,IN,2414,N,2514275889,1041539.308,2.488,67.498,_B4_s1_right-1.tif,E6,35,NPY2R,28.96223259,28.94935989,0.018203393,F8,ACTB,21.25430679,21.23674393,0.024836294,2022,22-03-22,7:55,Rural,Kentland,1.493151,25,0,1,SJL,Late,0.111567305,1.373502254,-0.223392182,20.5,0,3.01,24.59,6.02,6.55,8.7,21.59,66.94,68.46,36,2940,3420,7.71261596,6.579880107,1.132735853,0.456050075,81,-1.548672566
97,06TEF22,2022,left,IN,3276,Y,5898495712,1800517.617,5.837,67.378,_B4_s3_leIN-1.tif,F2,31,NPY2R,27.87214851,27.86842918,0.005259927,B8,ACTB,20.11962318,20.11102676,0.012155825,2022,22-03-27,7:50,Urban,Radford,6.575342,35,0,0,TEF,Late,-0.703238935,0.342327108,-0.027810995,NA,NA,NA,NA,NA,NA,NA,NA,NA,NA,71,420,720,7.75740242,6.579880107,1.177522313,0.442110127,86,3.451327434
98,06TEF22,2022,left,IN,3276,N,5898495712,1800517.617,5.837,67.378,_B4_s3_leIN-1.tif,E4,31,NPY,22.55603981,22.56341553,0.01042949,B8,ACTB,20.11962318,20.11102676,0.012155825,2022,22-03-27,7:50,Urban,Radford,6.575342,35,0,0,TEF,Late,-0.703238935,0.342327108,-0.027810995,NA,NA,NA,NA,NA,NA,NA,NA,NA,NA,71,420,720,2.45238877,1.836385207,0.616003563,0.652475863,86,3.451327434
99,06TEF22,2022,left,IN,3276,N,5898495712,1800517.617,5.837,67.378,_B4_s3_leIN-1.tif,F2,31,NPY2R,27.87214851,27.86842918,0.005259927,B8,ACTB,20.11962318,20.11102676,0.012155825,2022,22-03-27,7:30,Urban,Radford,10.931507,29,1,3,TEF,Early,-0.919140446,-0.775489278,0.462839416,NA,NA,NA,NA,NA,NA,NA,NA,NA,NA,71,420,720,7.75740242,6.579880107,1.177522313,0.442110127,86,3.451327434
100,06TEF22,2022,left,IN,3276,N,5898495712,1800517.617,5.837,67.378,_B4_s3_leIN-1.tif,E4,31,NPY,22.55603981,22.56341553,0.01042949,B8,ACTB,20.11962318,20.11102676,0.012155825,2022,22-03-27,7:30,Urban,Radford,10.931507,29,1,3,TEF,Early,-0.919140446,-0.775489278,0.462839416,NA,NA,NA,NA,NA,NA,NA,NA,NA,NA,71,420,720,2.45238877,1.836385207,0.616003563,0.652475863,86,3.451327434
101,06TEF22,2022,left,IN,3276,N,5898495712,1800517.617,5.837,67.378,_B4_s3_leIN-1.tif,F2,31,NPY5R,26.76211548,26.80968475,0.067274459,B8,ACTB,20.11962318,20.11102676,0.012155825,2022,22-03-27,7:30,Urban,Radford,10.931507,29,1,3,TEF,Early,-0.919140446,-0.775489278,0.462839416,NA,NA,NA,NA,NA,NA,NA,NA,NA,NA,71,420,720,6.69865799,2.893625639,3.805032351,0.071543656,86,3.451327434
102,06TEF22,2022,left,IN,3276,N,5898495712,1800517.617,5.837,67.378,_B4_s3_leIN-1.tif,F2,31,NPY5R,26.76211548,26.80968475,0.067274459,B8,ACTB,20.11962318,20.11102676,0.012155825,2022,22-03-27,7:50,Urban,Radford,6.575342,35,0,0,TEF,Late,-0.703238935,0.342327108,-0.027810995,NA,NA,NA,NA,NA,NA,NA,NA,NA,NA,71,420,720,6.69865799,2.893625639,3.805032351,0.071543656,86,3.451327434
103,06TEF22,2022,left,PVN,2166,Y,3033988113,1400733.201,3.002,66.907,_B4_s3_lePVN-1.tif,F2,31,NPY2R,27.87214851,27.86842918,0.005259927,B8,ACTB,20.11962318,20.11102676,0.012155825,2022,22-03-27,7:50,Urban,Radford,6.575342,35,0,0,TEF,Late,-0.703238935,0.342327108,-0.027810995,NA,NA,NA,NA,NA,NA,NA,NA,NA,NA,71,420,720,7.75740242,6.579880107,1.177522313,0.442110127,86,3.451327434
104,06TEF22,2022,left,PVN,2166,N,3033988113,1400733.201,3.002,66.907,_B4_s3_lePVN-1.tif,E4,31,NPY,22.55603981,22.56341553,0.01042949,B8,ACTB,20.11962318,20.11102676,0.012155825,2022,22-03-27,7:50,Urban,Radford,6.575342,35,0,0,TEF,Late,-0.703238935,0.342327108,-0.027810995,NA,NA,NA,NA,NA,NA,NA,NA,NA,NA,71,420,720,2.45238877,1.836385207,0.616003563,0.652475863,86,3.451327434
105,06TEF22,2022,left,PVN,2166,N,3033988113,1400733.201,3.002,66.907,_B4_s3_lePVN-1.tif,F2,31,NPY2R,27.87214851,27.86842918,0.005259927,B8,ACTB,20.11962318,20.11102676,0.012155825,2022,22-03-27,7:30,Urban,Radford,10.931507,29,1,3,TEF,Early,-0.919140446,-0.775489278,0.462839416,NA,NA,NA,NA,NA,NA,NA,NA,NA,NA,71,420,720,7.75740242,6.579880107,1.177522313,0.442110127,86,3.451327434
106,06TEF22,2022,left,PVN,2166,N,3033988113,1400733.201,3.002,66.907,_B4_s3_lePVN-1.tif,E4,31,NPY,22.55603981,22.56341553,0.01042949,B8,ACTB,20.11962318,20.11102676,0.012155825,2022,22-03-27,7:30,Urban,Radford,10.931507,29,1,3,TEF,Early,-0.919140446,-0.775489278,0.462839416,NA,NA,NA,NA,NA,NA,NA,NA,NA,NA,71,420,720,2.45238877,1.836385207,0.616003563,0.652475863,86,3.451327434
107,06TEF22,2022,left,PVN,2166,N,3033988113,1400733.201,3.002,66.907,_B4_s3_lePVN-1.tif,F2,31,NPY5R,26.76211548,26.80968475,0.067274459,B8,ACTB,20.11962318,20.11102676,0.012155825,2022,22-03-27,7:30,Urban,Radford,10.931507,29,1,3,TEF,Early,-0.919140446,-0.775489278,0.462839416,NA,NA,NA,NA,NA,NA,NA,NA,NA,NA,71,420,720,6.69865799,2.893625639,3.805032351,0.071543656,86,3.451327434
108,06TEF22,2022,left,PVN,2166,N,3033988113,1400733.201,3.002,66.907,_B4_s3_lePVN-1.tif,F2,31,NPY5R,26.76211548,26.80968475,0.067274459,B8,ACTB,20.11962318,20.11102676,0.012155825,2022,22-03-27,7:50,Urban,Radford,6.575342,35,0,0,TEF,Late,-0.703238935,0.342327108,-0.027810995,NA,NA,NA,NA,NA,NA,NA,NA,NA,NA,71,420,720,6.69865799,2.893625639,3.805032351,0.071543656,86,3.451327434
109,06TEF22,2022,right,IN,3704,Y,5715574374,1543081.634,5.656,67.383,_B4_s3_right-1.tif,F2,31,NPY2R,27.87214851,27.86842918,0.005259927,B8,ACTB,20.11962318,20.11102676,0.012155825,2022,22-03-27,7:50,Urban,Radford,6.575342,35,0,0,TEF,Late,-0.703238935,0.342327108,-0.027810995,NA,NA,NA,NA,NA,NA,NA,NA,NA,NA,71,420,720,7.75740242,6.579880107,1.177522313,0.442110127,86,3.451327434
110,06TEF22,2022,right,IN,3704,N,5715574374,1543081.634,5.656,67.383,_B4_s3_right-1.tif,E4,31,NPY,22.55603981,22.56341553,0.01042949,B8,ACTB,20.11962318,20.11102676,0.012155825,2022,22-03-27,7:50,Urban,Radford,6.575342,35,0,0,TEF,Late,-0.703238935,0.342327108,-0.027810995,NA,NA,NA,NA,NA,NA,NA,NA,NA,NA,71,420,720,2.45238877,1.836385207,0.616003563,0.652475863,86,3.451327434
111,06TEF22,2022,right,IN,3704,N,5715574374,1543081.634,5.656,67.383,_B4_s3_right-1.tif,F2,31,NPY2R,27.87214851,27.86842918,0.005259927,B8,ACTB,20.11962318,20.11102676,0.012155825,2022,22-03-27,7:30,Urban,Radford,10.931507,29,1,3,TEF,Early,-0.919140446,-0.775489278,0.462839416,NA,NA,NA,NA,NA,NA,NA,NA,NA,NA,71,420,720,7.75740242,6.579880107,1.177522313,0.442110127,86,3.451327434
112,06TEF22,2022,right,IN,3704,N,5715574374,1543081.634,5.656,67.383,_B4_s3_right-1.tif,E4,31,NPY,22.55603981,22.56341553,0.01042949,B8,ACTB,20.11962318,20.11102676,0.012155825,2022,22-03-27,7:30,Urban,Radford,10.931507,29,1,3,TEF,Early,-0.919140446,-0.775489278,0.462839416,NA,NA,NA,NA,NA,NA,NA,NA,NA,NA,71,420,720,2.45238877,1.836385207,0.616003563,0.652475863,86,3.451327434
113,06TEF22,2022,right,IN,3704,N,5715574374,1543081.634,5.656,67.383,_B4_s3_right-1.tif,F2,31,NPY5R,26.76211548,26.80968475,0.067274459,B8,ACTB,20.11962318,20.11102676,0.012155825,2022,22-03-27,7:30,Urban,Radford,10.931507,29,1,3,TEF,Early,-0.919140446,-0.775489278,0.462839416,NA,NA,NA,NA,NA,NA,NA,NA,NA,NA,71,420,720,6.69865799,2.893625639,3.805032351,0.071543656,86,3.451327434
114,06TEF22,2022,right,IN,3704,N,5715574374,1543081.634,5.656,67.383,_B4_s3_right-1.tif,F2,31,NPY5R,26.76211548,26.80968475,0.067274459,B8,ACTB,20.11962318,20.11102676,0.012155825,2022,22-03-27,7:50,Urban,Radford,6.575342,35,0,0,TEF,Late,-0.703238935,0.342327108,-0.027810995,NA,NA,NA,NA,NA,NA,NA,NA,NA,NA,71,420,720,6.69865799,2.893625639,3.805032351,0.071543656,86,3.451327434
115,06TEF22,2022,right,PVN,2866,Y,3846808505,1342222.088,3.807,66.587,_B4_s3_right-1.tif,F2,31,NPY2R,27.87214851,27.86842918,0.005259927,B8,ACTB,20.11962318,20.11102676,0.012155825,2022,22-03-27,7:50,Urban,Radford,6.575342,35,0,0,TEF,Late,-0.703238935,0.342327108,-0.027810995,NA,NA,NA,NA,NA,NA,NA,NA,NA,NA,71,420,720,7.75740242,6.579880107,1.177522313,0.442110127,86,3.451327434
116,06TEF22,2022,right,PVN,2866,N,3846808505,1342222.088,3.807,66.587,_B4_s3_right-1.tif,E4,31,NPY,22.55603981,22.56341553,0.01042949,B8,ACTB,20.11962318,20.11102676,0.012155825,2022,22-03-27,7:50,Urban,Radford,6.575342,35,0,0,TEF,Late,-0.703238935,0.342327108,-0.027810995,NA,NA,NA,NA,NA,NA,NA,NA,NA,NA,71,420,720,2.45238877,1.836385207,0.616003563,0.652475863,86,3.451327434
117,06TEF22,2022,right,PVN,2866,N,3846808505,1342222.088,3.807,66.587,_B4_s3_right-1.tif,F2,31,NPY2R,27.87214851,27.86842918,0.005259927,B8,ACTB,20.11962318,20.11102676,0.012155825,2022,22-03-27,7:30,Urban,Radford,10.931507,29,1,3,TEF,Early,-0.919140446,-0.775489278,0.462839416,NA,NA,NA,NA,NA,NA,NA,NA,NA,NA,71,420,720,7.75740242,6.579880107,1.177522313,0.442110127,86,3.451327434
118,06TEF22,2022,right,PVN,2866,N,3846808505,1342222.088,3.807,66.587,_B4_s3_right-1.tif,E4,31,NPY,22.55603981,22.56341553,0.01042949,B8,ACTB,20.11962318,20.11102676,0.012155825,2022,22-03-27,7:30,Urban,Radford,10.931507,29,1,3,TEF,Early,-0.919140446,-0.775489278,0.462839416,NA,NA,NA,NA,NA,NA,NA,NA,NA,NA,71,420,720,2.45238877,1.836385207,0.616003563,0.652475863,86,3.451327434
119,06TEF22,2022,right,PVN,2866,N,3846808505,1342222.088,3.807,66.587,_B4_s3_right-1.tif,F2,31,NPY5R,26.76211548,26.80968475,0.067274459,B8,ACTB,20.11962318,20.11102676,0.012155825,2022,22-03-27,7:30,Urban,Radford,10.931507,29,1,3,TEF,Early,-0.919140446,-0.775489278,0.462839416,NA,NA,NA,NA,NA,NA,NA,NA,NA,NA,71,420,720,6.69865799,2.893625639,3.805032351,0.071543656,86,3.451327434
120,06TEF22,2022,right,PVN,2866,N,3846808505,1342222.088,3.807,66.587,_B4_s3_right-1.tif,F2,31,NPY5R,26.76211548,26.80968475,0.067274459,B8,ACTB,20.11962318,20.11102676,0.012155825,2022,22-03-27,7:50,Urban,Radford,6.575342,35,0,0,TEF,Late,-0.703238935,0.342327108,-0.027810995,NA,NA,NA,NA,NA,NA,NA,NA,NA,NA,71,420,720,6.69865799,2.893625639,3.805032351,0.071543656,86,3.451327434
121,07SJL22,2022,left,IN,1873,Y,3206058780,1711723.855,3.173,66.202,_A5_S2_left-1.tif,F4,46,NPY1R,25.63808441,25.63138199,0.009477309,F12,ACTB,20.2314167,20.3733139,0.200671598,2022,22-03-26,7:55,Rural,Heritage,7.561644,22,0,0,SJL,Late,-0.843575097,0.136803864,0.032961751,19.5,0,2.93,23.02,5.17,6.05,8.73,20.35,64.05,68.68,42,3660,4200,5.25806809,5.140238897,0.117829193,0.921573289,85,2.451327434
122,07SJL22,2022,left,IN,1873,N,3206058780,1711723.855,3.173,66.202,_A5_S2_left-1.tif,C8,46,NPY2R,28.88112068,28.81481552,0.093771003,F12,ACTB,20.2314167,20.3733139,0.200671598,2022,22-03-25,7:31,Rural,Heritage,1.835616,27,4,6,SJL,Early,1.036709318,0.656668334,-0.136311582,19.5,0,2.93,23.02,5.17,6.05,8.73,20.35,64.05,68.68,42,3660,4200,8.44150162,6.579880107,1.861621513,0.275166832,84,1.451327434
123,07SJL22,2022,left,IN,1873,N,3206058780,1711723.855,3.173,66.202,_A5_S2_left-1.tif,F8,46,NPY,20.31707573,20.07659531,0.340090662,F12,ACTB,20.2314167,20.3733139,0.200671598,2022,22-03-25,7:31,Rural,Heritage,1.835616,27,4,6,SJL,Early,1.036709318,0.656668334,-0.136311582,19.5,0,2.93,23.02,5.17,6.05,8.73,20.35,64.05,68.68,42,3660,4200,-0.29671859,1.836385207,-2.133103797,4.386601945,84,1.451327434
124,07SJL22,2022,left,IN,1873,N,3206058780,1711723.855,3.173,66.202,_A5_S2_left-1.tif,F4,46,NPY1R,25.63808441,25.63138199,0.009477309,F12,ACTB,20.2314167,20.3733139,0.200671598,2022,22-03-25,7:31,Rural,Heritage,1.835616,27,4,6,SJL,Early,1.036709318,0.656668334,-0.136311582,19.5,0,2.93,23.02,5.17,6.05,8.73,20.35,64.05,68.68,42,3660,4200,5.25806809,5.140238897,0.117829193,0.921573289,84,1.451327434
125,07SJL22,2022,left,IN,1873,N,3206058780,1711723.855,3.173,66.202,_A5_S2_left-1.tif,F8,46,NPY,20.31707573,20.07659531,0.340090662,F12,ACTB,20.2314167,20.3733139,0.200671598,2022,22-03-26,7:55,Rural,Heritage,7.561644,22,0,0,SJL,Late,-0.843575097,0.136803864,0.032961751,19.5,0,2.93,23.02,5.17,6.05,8.73,20.35,64.05,68.68,42,3660,4200,-0.29671859,1.836385207,-2.133103797,4.386601945,85,2.451327434
126,07SJL22,2022,left,IN,1873,N,3206058780,1711723.855,3.173,66.202,_A5_S2_left-1.tif,C8,46,NPY2R,28.88112068,28.81481552,0.093771003,F12,ACTB,20.2314167,20.3733139,0.200671598,2022,22-03-26,7:55,Rural,Heritage,7.561644,22,0,0,SJL,Late,-0.843575097,0.136803864,0.032961751,19.5,0,2.93,23.02,5.17,6.05,8.73,20.35,64.05,68.68,42,3660,4200,8.44150162,6.579880107,1.861621513,0.275166832,85,2.451327434
127,07SJL22,2022,left,IN,1873,N,3206058780,1711723.855,3.173,66.202,_A5_S2_left-1.tif,C8,46,NPY5R,28.29388237,28.34771729,0.076132715,F12,ACTB,20.2314167,20.3733139,0.200671598,2022,22-03-25,7:31,Rural,Heritage,1.835616,27,4,6,SJL,Early,1.036709318,0.656668334,-0.136311582,19.5,0,2.93,23.02,5.17,6.05,8.73,20.35,64.05,68.68,42,3660,4200,7.97440339,2.893625639,5.080777751,0.029548368,84,1.451327434
128,07SJL22,2022,left,IN,1873,N,3206058780,1711723.855,3.173,66.202,_A5_S2_left-1.tif,C8,46,NPY5R,28.29388237,28.34771729,0.076132715,F12,ACTB,20.2314167,20.3733139,0.200671598,2022,22-03-26,7:55,Rural,Heritage,7.561644,22,0,0,SJL,Late,-0.843575097,0.136803864,0.032961751,19.5,0,2.93,23.02,5.17,6.05,8.73,20.35,64.05,68.68,42,3660,4200,7.97440339,2.893625639,5.080777751,0.029548368,85,2.451327434
129,07SJL22,2022,left,PVN,3754,Y,8939414257,2381303.745,8.846,66.687,_A5_S2_left-1.tif,F4,46,NPY1R,25.63808441,25.63138199,0.009477309,F12,ACTB,20.2314167,20.3733139,0.200671598,2022,22-03-26,7:55,Rural,Heritage,7.561644,22,0,0,SJL,Late,-0.843575097,0.136803864,0.032961751,19.5,0,2.93,23.02,5.17,6.05,8.73,20.35,64.05,68.68,42,3660,4200,5.25806809,5.140238897,0.117829193,0.921573289,85,2.451327434
130,07SJL22,2022,left,PVN,3754,N,8939414257,2381303.745,8.846,66.687,_A5_S2_left-1.tif,C8,46,NPY2R,28.88112068,28.81481552,0.093771003,F12,ACTB,20.2314167,20.3733139,0.200671598,2022,22-03-25,7:31,Rural,Heritage,1.835616,27,4,6,SJL,Early,1.036709318,0.656668334,-0.136311582,19.5,0,2.93,23.02,5.17,6.05,8.73,20.35,64.05,68.68,42,3660,4200,8.44150162,6.579880107,1.861621513,0.275166832,84,1.451327434
131,07SJL22,2022,left,PVN,3754,N,8939414257,2381303.745,8.846,66.687,_A5_S2_left-1.tif,F8,46,NPY,20.31707573,20.07659531,0.340090662,F12,ACTB,20.2314167,20.3733139,0.200671598,2022,22-03-25,7:31,Rural,Heritage,1.835616,27,4,6,SJL,Early,1.036709318,0.656668334,-0.136311582,19.5,0,2.93,23.02,5.17,6.05,8.73,20.35,64.05,68.68,42,3660,4200,-0.29671859,1.836385207,-2.133103797,4.386601945,84,1.451327434
132,07SJL22,2022,left,PVN,3754,N,8939414257,2381303.745,8.846,66.687,_A5_S2_left-1.tif,F4,46,NPY1R,25.63808441,25.63138199,0.009477309,F12,ACTB,20.2314167,20.3733139,0.200671598,2022,22-03-25,7:31,Rural,Heritage,1.835616,27,4,6,SJL,Early,1.036709318,0.656668334,-0.136311582,19.5,0,2.93,23.02,5.17,6.05,8.73,20.35,64.05,68.68,42,3660,4200,5.25806809,5.140238897,0.117829193,0.921573289,84,1.451327434
133,07SJL22,2022,left,PVN,3754,N,8939414257,2381303.745,8.846,66.687,_A5_S2_left-1.tif,F8,46,NPY,20.31707573,20.07659531,0.340090662,F12,ACTB,20.2314167,20.3733139,0.200671598,2022,22-03-26,7:55,Rural,Heritage,7.561644,22,0,0,SJL,Late,-0.843575097,0.136803864,0.032961751,19.5,0,2.93,23.02,5.17,6.05,8.73,20.35,64.05,68.68,42,3660,4200,-0.29671859,1.836385207,-2.133103797,4.386601945,85,2.451327434
134,07SJL22,2022,left,PVN,3754,N,8939414257,2381303.745,8.846,66.687,_A5_S2_left-1.tif,C8,46,NPY2R,28.88112068,28.81481552,0.093771003,F12,ACTB,20.2314167,20.3733139,0.200671598,2022,22-03-26,7:55,Rural,Heritage,7.561644,22,0,0,SJL,Late,-0.843575097,0.136803864,0.032961751,19.5,0,2.93,23.02,5.17,6.05,8.73,20.35,64.05,68.68,42,3660,4200,8.44150162,6.579880107,1.861621513,0.275166832,85,2.451327434
135,07SJL22,2022,left,PVN,3754,N,8939414257,2381303.745,8.846,66.687,_A5_S2_left-1.tif,C8,46,NPY5R,28.29388237,28.34771729,0.076132715,F12,ACTB,20.2314167,20.3733139,0.200671598,2022,22-03-25,7:31,Rural,Heritage,1.835616,27,4,6,SJL,Early,1.036709318,0.656668334,-0.136311582,19.5,0,2.93,23.02,5.17,6.05,8.73,20.35,64.05,68.68,42,3660,4200,7.97440339,2.893625639,5.080777751,0.029548368,84,1.451327434
136,07SJL22,2022,left,PVN,3754,N,8939414257,2381303.745,8.846,66.687,_A5_S2_left-1.tif,C8,46,NPY5R,28.29388237,28.34771729,0.076132715,F12,ACTB,20.2314167,20.3733139,0.200671598,2022,22-03-26,7:55,Rural,Heritage,7.561644,22,0,0,SJL,Late,-0.843575097,0.136803864,0.032961751,19.5,0,2.93,23.02,5.17,6.05,8.73,20.35,64.05,68.68,42,3660,4200,7.97440339,2.893625639,5.080777751,0.029548368,85,2.451327434
137,07SJL22,2022,right,IN,1609,Y,2644063940,1643296.42,2.617,67.325,_A5_S2_right-1.tif,F4,46,NPY1R,25.63808441,25.63138199,0.009477309,F12,ACTB,20.2314167,20.3733139,0.200671598,2022,22-03-26,7:55,Rural,Heritage,7.561644,22,0,0,SJL,Late,-0.843575097,0.136803864,0.032961751,19.5,0,2.93,23.02,5.17,6.05,8.73,20.35,64.05,68.68,42,3660,4200,5.25806809,5.140238897,0.117829193,0.921573289,85,2.451327434
138,07SJL22,2022,right,IN,1609,N,2644063940,1643296.42,2.617,67.325,_A5_S2_right-1.tif,C8,46,NPY2R,28.88112068,28.81481552,0.093771003,F12,ACTB,20.2314167,20.3733139,0.200671598,2022,22-03-25,7:31,Rural,Heritage,1.835616,27,4,6,SJL,Early,1.036709318,0.656668334,-0.136311582,19.5,0,2.93,23.02,5.17,6.05,8.73,20.35,64.05,68.68,42,3660,4200,8.44150162,6.579880107,1.861621513,0.275166832,84,1.451327434
139,07SJL22,2022,right,IN,1609,N,2644063940,1643296.42,2.617,67.325,_A5_S2_right-1.tif,F8,46,NPY,20.31707573,20.07659531,0.340090662,F12,ACTB,20.2314167,20.3733139,0.200671598,2022,22-03-25,7:31,Rural,Heritage,1.835616,27,4,6,SJL,Early,1.036709318,0.656668334,-0.136311582,19.5,0,2.93,23.02,5.17,6.05,8.73,20.35,64.05,68.68,42,3660,4200,-0.29671859,1.836385207,-2.133103797,4.386601945,84,1.451327434
140,07SJL22,2022,right,IN,1609,N,2644063940,1643296.42,2.617,67.325,_A5_S2_right-1.tif,F4,46,NPY1R,25.63808441,25.63138199,0.009477309,F12,ACTB,20.2314167,20.3733139,0.200671598,2022,22-03-25,7:31,Rural,Heritage,1.835616,27,4,6,SJL,Early,1.036709318,0.656668334,-0.136311582,19.5,0,2.93,23.02,5.17,6.05,8.73,20.35,64.05,68.68,42,3660,4200,5.25806809,5.140238897,0.117829193,0.921573289,84,1.451327434
141,07SJL22,2022,right,IN,1609,N,2644063940,1643296.42,2.617,67.325,_A5_S2_right-1.tif,F8,46,NPY,20.31707573,20.07659531,0.340090662,F12,ACTB,20.2314167,20.3733139,0.200671598,2022,22-03-26,7:55,Rural,Heritage,7.561644,22,0,0,SJL,Late,-0.843575097,0.136803864,0.032961751,19.5,0,2.93,23.02,5.17,6.05,8.73,20.35,64.05,68.68,42,3660,4200,-0.29671859,1.836385207,-2.133103797,4.386601945,85,2.451327434
142,07SJL22,2022,right,IN,1609,N,2644063940,1643296.42,2.617,67.325,_A5_S2_right-1.tif,C8,46,NPY2R,28.88112068,28.81481552,0.093771003,F12,ACTB,20.2314167,20.3733139,0.200671598,2022,22-03-26,7:55,Rural,Heritage,7.561644,22,0,0,SJL,Late,-0.843575097,0.136803864,0.032961751,19.5,0,2.93,23.02,5.17,6.05,8.73,20.35,64.05,68.68,42,3660,4200,8.44150162,6.579880107,1.861621513,0.275166832,85,2.451327434
143,07SJL22,2022,right,IN,1609,N,2644063940,1643296.42,2.617,67.325,_A5_S2_right-1.tif,C8,46,NPY5R,28.29388237,28.34771729,0.076132715,F12,ACTB,20.2314167,20.3733139,0.200671598,2022,22-03-25,7:31,Rural,Heritage,1.835616,27,4,6,SJL,Early,1.036709318,0.656668334,-0.136311582,19.5,0,2.93,23.02,5.17,6.05,8.73,20.35,64.05,68.68,42,3660,4200,7.97440339,2.893625639,5.080777751,0.029548368,84,1.451327434
144,07SJL22,2022,right,IN,1609,N,2644063940,1643296.42,2.617,67.325,_A5_S2_right-1.tif,C8,46,NPY5R,28.29388237,28.34771729,0.076132715,F12,ACTB,20.2314167,20.3733139,0.200671598,2022,22-03-26,7:55,Rural,Heritage,7.561644,22,0,0,SJL,Late,-0.843575097,0.136803864,0.032961751,19.5,0,2.93,23.02,5.17,6.05,8.73,20.35,64.05,68.68,42,3660,4200,7.97440339,2.893625639,5.080777751,0.029548368,85,2.451327434
145,07SJL22,2022,right,PVN,2947,Y,6709565996,2276744.485,6.64,67.805,_A5_S2_right-1.tif,F4,46,NPY1R,25.63808441,25.63138199,0.009477309,F12,ACTB,20.2314167,20.3733139,0.200671598,2022,22-03-26,7:55,Rural,Heritage,7.561644,22,0,0,SJL,Late,-0.843575097,0.136803864,0.032961751,19.5,0,2.93,23.02,5.17,6.05,8.73,20.35,64.05,68.68,42,3660,4200,5.25806809,5.140238897,0.117829193,0.921573289,85,2.451327434
146,07SJL22,2022,right,PVN,2947,N,6709565996,2276744.485,6.64,67.805,_A5_S2_right-1.tif,C8,46,NPY2R,28.88112068,28.81481552,0.093771003,F12,ACTB,20.2314167,20.3733139,0.200671598,2022,22-03-25,7:31,Rural,Heritage,1.835616,27,4,6,SJL,Early,1.036709318,0.656668334,-0.136311582,19.5,0,2.93,23.02,5.17,6.05,8.73,20.35,64.05,68.68,42,3660,4200,8.44150162,6.579880107,1.861621513,0.275166832,84,1.451327434
147,07SJL22,2022,right,PVN,2947,N,6709565996,2276744.485,6.64,67.805,_A5_S2_right-1.tif,F8,46,NPY,20.31707573,20.07659531,0.340090662,F12,ACTB,20.2314167,20.3733139,0.200671598,2022,22-03-25,7:31,Rural,Heritage,1.835616,27,4,6,SJL,Early,1.036709318,0.656668334,-0.136311582,19.5,0,2.93,23.02,5.17,6.05,8.73,20.35,64.05,68.68,42,3660,4200,-0.29671859,1.836385207,-2.133103797,4.386601945,84,1.451327434
148,07SJL22,2022,right,PVN,2947,N,6709565996,2276744.485,6.64,67.805,_A5_S2_right-1.tif,F4,46,NPY1R,25.63808441,25.63138199,0.009477309,F12,ACTB,20.2314167,20.3733139,0.200671598,2022,22-03-25,7:31,Rural,Heritage,1.835616,27,4,6,SJL,Early,1.036709318,0.656668334,-0.136311582,19.5,0,2.93,23.02,5.17,6.05,8.73,20.35,64.05,68.68,42,3660,4200,5.25806809,5.140238897,0.117829193,0.921573289,84,1.451327434
149,07SJL22,2022,right,PVN,2947,N,6709565996,2276744.485,6.64,67.805,_A5_S2_right-1.tif,F8,46,NPY,20.31707573,20.07659531,0.340090662,F12,ACTB,20.2314167,20.3733139,0.200671598,2022,22-03-26,7:55,Rural,Heritage,7.561644,22,0,0,SJL,Late,-0.843575097,0.136803864,0.032961751,19.5,0,2.93,23.02,5.17,6.05,8.73,20.35,64.05,68.68,42,3660,4200,-0.29671859,1.836385207,-2.133103797,4.386601945,85,2.451327434
150,07SJL22,2022,right,PVN,2947,N,6709565996,2276744.485,6.64,67.805,_A5_S2_right-1.tif,C8,46,NPY2R,28.88112068,28.81481552,0.093771003,F12,ACTB,20.2314167,20.3733139,0.200671598,2022,22-03-26,7:55,Rural,Heritage,7.561644,22,0,0,SJL,Late,-0.843575097,0.136803864,0.032961751,19.5,0,2.93,23.02,5.17,6.05,8.73,20.35,64.05,68.68,42,3660,4200,8.44150162,6.579880107,1.861621513,0.275166832,85,2.451327434
151,07SJL22,2022,right,PVN,2947,N,6709565996,2276744.485,6.64,67.805,_A5_S2_right-1.tif,C8,46,NPY5R,28.29388237,28.34771729,0.076132715,F12,ACTB,20.2314167,20.3733139,0.200671598,2022,22-03-25,7:31,Rural,Heritage,1.835616,27,4,6,SJL,Early,1.036709318,0.656668334,-0.136311582,19.5,0,2.93,23.02,5.17,6.05,8.73,20.35,64.05,68.68,42,3660,4200,7.97440339,2.893625639,5.080777751,0.029548368,84,1.451327434
152,07SJL22,2022,right,PVN,2947,N,6709565996,2276744.485,6.64,67.805,_A5_S2_right-1.tif,C8,46,NPY5R,28.29388237,28.34771729,0.076132715,F12,ACTB,20.2314167,20.3733139,0.200671598,2022,22-03-26,7:55,Rural,Heritage,7.561644,22,0,0,SJL,Late,-0.843575097,0.136803864,0.032961751,19.5,0,2.93,23.02,5.17,6.05,8.73,20.35,64.05,68.68,42,3660,4200,7.97440339,2.893625639,5.080777751,0.029548368,85,2.451327434
153,09IJV22,2022,left,IN,883,Y,949538872.4,1075355.461,0.94,68.279,_B3_s3_leIN-1.tif,A4,60,NPY5R,27.28712273,27.41201019,0.176618904,B8,ACTB,23.0494442,23.08588409,0.051535144,2022,22-04-01,9:50,Urban,North VT,NA,NA,NA,NA,NA,Late,NA,NA,NA,23,3,5.34,24.27,5.81,7.3,9.21,20.24,62,66.78,29,3120,3420,4.3261261,2.893625639,1.432500461,0.37048821,91,8.451327434
154,09IJV22,2022,left,IN,883,N,949538872.4,1075355.461,0.94,68.279,_B3_s3_leIN-1.tif,H2,60,NPY,25.99559593,26.07115555,0.106856085,B8,ACTB,23.0494442,23.08588409,0.051535144,2022,22-04-01,9:26,Urban,North VT,NA,NA,NA,NA,NA,Early,NA,NA,NA,23,3,5.34,24.27,5.81,7.3,9.21,20.24,62,66.78,29,3120,3420,2.98527146,1.836385207,1.148886253,0.450973244,91,8.451327434
155,09IJV22,2022,left,IN,883,N,949538872.4,1075355.461,0.94,68.279,_B3_s3_leIN-1.tif,A4,60,NPY2R,26.91608047,26.93251801,0.023247527,B8,ACTB,23.0494442,23.08588409,0.051535144,2022,22-04-01,9:26,Urban,North VT,NA,NA,NA,NA,NA,Early,NA,NA,NA,23,3,5.34,24.27,5.81,7.3,9.21,20.24,62,66.78,29,3120,3420,3.84663392,6.579880107,-2.733246187,6.649501494,91,8.451327434
156,09IJV22,2022,left,IN,883,N,949538872.4,1075355.461,0.94,68.279,_B3_s3_leIN-1.tif,H2,60,NPY,25.99559593,26.07115555,0.106856085,B8,ACTB,23.0494442,23.08588409,0.051535144,2022,22-04-01,9:50,Urban,North VT,NA,NA,NA,NA,NA,Late,NA,NA,NA,23,3,5.34,24.27,5.81,7.3,9.21,20.24,62,66.78,29,3120,3420,2.98527146,1.836385207,1.148886253,0.450973244,91,8.451327434
157,09IJV22,2022,left,IN,883,N,949538872.4,1075355.461,0.94,68.279,_B3_s3_leIN-1.tif,A4,60,NPY2R,26.91608047,26.93251801,0.023247527,B8,ACTB,23.0494442,23.08588409,0.051535144,2022,22-04-01,9:50,Urban,North VT,NA,NA,NA,NA,NA,Late,NA,NA,NA,23,3,5.34,24.27,5.81,7.3,9.21,20.24,62,66.78,29,3120,3420,3.84663392,6.579880107,-2.733246187,6.649501494,91,8.451327434
158,09IJV22,2022,left,IN,883,N,949538872.4,1075355.461,0.94,68.279,_B3_s3_leIN-1.tif,A4,60,NPY5R,27.28712273,27.41201019,0.176618904,B8,ACTB,23.0494442,23.08588409,0.051535144,2022,22-04-01,9:26,Urban,North VT,NA,NA,NA,NA,NA,Early,NA,NA,NA,23,3,5.34,24.27,5.81,7.3,9.21,20.24,62,66.78,29,3120,3420,4.3261261,2.893625639,1.432500461,0.37048821,91,8.451327434
159,09IJV22,2022,left,PVN,1314,Y,1543665712,1174783.647,1.528,67.371,_B3_s3_lePVN-1.tif,A4,60,NPY5R,27.28712273,27.41201019,0.176618904,B8,ACTB,23.0494442,23.08588409,0.051535144,2022,22-04-01,9:50,Urban,North VT,NA,NA,NA,NA,NA,Late,NA,NA,NA,23,3,5.34,24.27,5.81,7.3,9.21,20.24,62,66.78,29,3120,3420,4.3261261,2.893625639,1.432500461,0.37048821,91,8.451327434
160,09IJV22,2022,left,PVN,1314,N,1543665712,1174783.647,1.528,67.371,_B3_s3_lePVN-1.tif,H2,60,NPY,25.99559593,26.07115555,0.106856085,B8,ACTB,23.0494442,23.08588409,0.051535144,2022,22-04-01,9:26,Urban,North VT,NA,NA,NA,NA,NA,Early,NA,NA,NA,23,3,5.34,24.27,5.81,7.3,9.21,20.24,62,66.78,29,3120,3420,2.98527146,1.836385207,1.148886253,0.450973244,91,8.451327434
161,09IJV22,2022,left,PVN,1314,N,1543665712,1174783.647,1.528,67.371,_B3_s3_lePVN-1.tif,A4,60,NPY2R,26.91608047,26.93251801,0.023247527,B8,ACTB,23.0494442,23.08588409,0.051535144,2022,22-04-01,9:26,Urban,North VT,NA,NA,NA,NA,NA,Early,NA,NA,NA,23,3,5.34,24.27,5.81,7.3,9.21,20.24,62,66.78,29,3120,3420,3.84663392,6.579880107,-2.733246187,6.649501494,91,8.451327434
162,09IJV22,2022,left,PVN,1314,N,1543665712,1174783.647,1.528,67.371,_B3_s3_lePVN-1.tif,H2,60,NPY,25.99559593,26.07115555,0.106856085,B8,ACTB,23.0494442,23.08588409,0.051535144,2022,22-04-01,9:50,Urban,North VT,NA,NA,NA,NA,NA,Late,NA,NA,NA,23,3,5.34,24.27,5.81,7.3,9.21,20.24,62,66.78,29,3120,3420,2.98527146,1.836385207,1.148886253,0.450973244,91,8.451327434
163,09IJV22,2022,left,PVN,1314,N,1543665712,1174783.647,1.528,67.371,_B3_s3_lePVN-1.tif,A4,60,NPY2R,26.91608047,26.93251801,0.023247527,B8,ACTB,23.0494442,23.08588409,0.051535144,2022,22-04-01,9:50,Urban,North VT,NA,NA,NA,NA,NA,Late,NA,NA,NA,23,3,5.34,24.27,5.81,7.3,9.21,20.24,62,66.78,29,3120,3420,3.84663392,6.579880107,-2.733246187,6.649501494,91,8.451327434
164,09IJV22,2022,left,PVN,1314,N,1543665712,1174783.647,1.528,67.371,_B3_s3_lePVN-1.tif,A4,60,NPY5R,27.28712273,27.41201019,0.176618904,B8,ACTB,23.0494442,23.08588409,0.051535144,2022,22-04-01,9:26,Urban,North VT,NA,NA,NA,NA,NA,Early,NA,NA,NA,23,3,5.34,24.27,5.81,7.3,9.21,20.24,62,66.78,29,3120,3420,4.3261261,2.893625639,1.432500461,0.37048821,91,8.451327434
165,09IJV22,2022,right,IN,1518,Y,1546535886,1018798.344,1.53,68.05,_B3_s3_right-1.tif,A4,60,NPY5R,27.28712273,27.41201019,0.176618904,B8,ACTB,23.0494442,23.08588409,0.051535144,2022,22-04-01,9:50,Urban,North VT,NA,NA,NA,NA,NA,Late,NA,NA,NA,23,3,5.34,24.27,5.81,7.3,9.21,20.24,62,66.78,29,3120,3420,4.3261261,2.893625639,1.432500461,0.37048821,91,8.451327434
166,09IJV22,2022,right,IN,1518,N,1546535886,1018798.344,1.53,68.05,_B3_s3_right-1.tif,H2,60,NPY,25.99559593,26.07115555,0.106856085,B8,ACTB,23.0494442,23.08588409,0.051535144,2022,22-04-01,9:26,Urban,North VT,NA,NA,NA,NA,NA,Early,NA,NA,NA,23,3,5.34,24.27,5.81,7.3,9.21,20.24,62,66.78,29,3120,3420,2.98527146,1.836385207,1.148886253,0.450973244,91,8.451327434
167,09IJV22,2022,right,IN,1518,N,1546535886,1018798.344,1.53,68.05,_B3_s3_right-1.tif,A4,60,NPY2R,26.91608047,26.93251801,0.023247527,B8,ACTB,23.0494442,23.08588409,0.051535144,2022,22-04-01,9:26,Urban,North VT,NA,NA,NA,NA,NA,Early,NA,NA,NA,23,3,5.34,24.27,5.81,7.3,9.21,20.24,62,66.78,29,3120,3420,3.84663392,6.579880107,-2.733246187,6.649501494,91,8.451327434
168,09IJV22,2022,right,IN,1518,N,1546535886,1018798.344,1.53,68.05,_B3_s3_right-1.tif,H2,60,NPY,25.99559593,26.07115555,0.106856085,B8,ACTB,23.0494442,23.08588409,0.051535144,2022,22-04-01,9:50,Urban,North VT,NA,NA,NA,NA,NA,Late,NA,NA,NA,23,3,5.34,24.27,5.81,7.3,9.21,20.24,62,66.78,29,3120,3420,2.98527146,1.836385207,1.148886253,0.450973244,91,8.451327434
169,09IJV22,2022,right,IN,1518,N,1546535886,1018798.344,1.53,68.05,_B3_s3_right-1.tif,A4,60,NPY2R,26.91608047,26.93251801,0.023247527,B8,ACTB,23.0494442,23.08588409,0.051535144,2022,22-04-01,9:50,Urban,North VT,NA,NA,NA,NA,NA,Late,NA,NA,NA,23,3,5.34,24.27,5.81,7.3,9.21,20.24,62,66.78,29,3120,3420,3.84663392,6.579880107,-2.733246187,6.649501494,91,8.451327434
170,09IJV22,2022,right,IN,1518,N,1546535886,1018798.344,1.53,68.05,_B3_s3_right-1.tif,A4,60,NPY5R,27.28712273,27.41201019,0.176618904,B8,ACTB,23.0494442,23.08588409,0.051535144,2022,22-04-01,9:26,Urban,North VT,NA,NA,NA,NA,NA,Early,NA,NA,NA,23,3,5.34,24.27,5.81,7.3,9.21,20.24,62,66.78,29,3120,3420,4.3261261,2.893625639,1.432500461,0.37048821,91,8.451327434
171,09IJV22,2022,right,PVN,2565,Y,3372809116,1314935.328,3.338,67.938,_B3_s3_right-1.tif,A4,60,NPY5R,27.28712273,27.41201019,0.176618904,B8,ACTB,23.0494442,23.08588409,0.051535144,2022,22-04-01,9:50,Urban,North VT,NA,NA,NA,NA,NA,Late,NA,NA,NA,23,3,5.34,24.27,5.81,7.3,9.21,20.24,62,66.78,29,3120,3420,4.3261261,2.893625639,1.432500461,0.37048821,91,8.451327434
172,09IJV22,2022,right,PVN,2565,N,3372809116,1314935.328,3.338,67.938,_B3_s3_right-1.tif,H2,60,NPY,25.99559593,26.07115555,0.106856085,B8,ACTB,23.0494442,23.08588409,0.051535144,2022,22-04-01,9:26,Urban,North VT,NA,NA,NA,NA,NA,Early,NA,NA,NA,23,3,5.34,24.27,5.81,7.3,9.21,20.24,62,66.78,29,3120,3420,2.98527146,1.836385207,1.148886253,0.450973244,91,8.451327434
173,09IJV22,2022,right,PVN,2565,N,3372809116,1314935.328,3.338,67.938,_B3_s3_right-1.tif,A4,60,NPY2R,26.91608047,26.93251801,0.023247527,B8,ACTB,23.0494442,23.08588409,0.051535144,2022,22-04-01,9:26,Urban,North VT,NA,NA,NA,NA,NA,Early,NA,NA,NA,23,3,5.34,24.27,5.81,7.3,9.21,20.24,62,66.78,29,3120,3420,3.84663392,6.579880107,-2.733246187,6.649501494,91,8.451327434
174,09IJV22,2022,right,PVN,2565,N,3372809116,1314935.328,3.338,67.938,_B3_s3_right-1.tif,H2,60,NPY,25.99559593,26.07115555,0.106856085,B8,ACTB,23.0494442,23.08588409,0.051535144,2022,22-04-01,9:50,Urban,North VT,NA,NA,NA,NA,NA,Late,NA,NA,NA,23,3,5.34,24.27,5.81,7.3,9.21,20.24,62,66.78,29,3120,3420,2.98527146,1.836385207,1.148886253,0.450973244,91,8.451327434
175,09IJV22,2022,right,PVN,2565,N,3372809116,1314935.328,3.338,67.938,_B3_s3_right-1.tif,A4,60,NPY2R,26.91608047,26.93251801,0.023247527,B8,ACTB,23.0494442,23.08588409,0.051535144,2022,22-04-01,9:50,Urban,North VT,NA,NA,NA,NA,NA,Late,NA,NA,NA,23,3,5.34,24.27,5.81,7.3,9.21,20.24,62,66.78,29,3120,3420,3.84663392,6.579880107,-2.733246187,6.649501494,91,8.451327434
176,09IJV22,2022,right,PVN,2565,N,3372809116,1314935.328,3.338,67.938,_B3_s3_right-1.tif,A4,60,NPY5R,27.28712273,27.41201019,0.176618904,B8,ACTB,23.0494442,23.08588409,0.051535144,2022,22-04-01,9:26,Urban,North VT,NA,NA,NA,NA,NA,Early,NA,NA,NA,23,3,5.34,24.27,5.81,7.3,9.21,20.24,62,66.78,29,3120,3420,4.3261261,2.893625639,1.432500461,0.37048821,91,8.451327434
177,10IJV22,2022,left,IN,1514,Y,2188895717,1445769.958,2.166,67.135,_C3_s3_leIN-1.tif,E10,33,NPY5R,27.89199448,27.83371353,0.082423054,E6,ACTB,20.55480957,20.5700016,0.021484777,2022,22-04-02,7:21,Urban,South VT,2.493151,20,12,10,IJV,Early,2.340780459,-0.60424777,-0.669242103,20.4,1,5.65,24.1,5.98,6.52,7.68,21.3,62.91,69.75,NA,NA,NA,7.26371193,2.893625639,4.370086291,0.048358514,92,9.451327434
178,10IJV22,2022,left,IN,1514,N,2188895717,1445769.958,2.166,67.135,_C3_s3_leIN-1.tif,C6,33,NPY,21.62509727,21.64794159,0.03230539,E6,ACTB,20.55480957,20.5700016,0.021484777,2022,22-04-02,7:50,Urban,South VT,3.917808,34,0,0,IJV,Late,-0.325110944,0.896098072,-0.191559781,20.4,1,5.65,24.1,5.98,6.52,7.68,21.3,62.91,69.75,NA,NA,NA,1.07793999,1.836385207,-0.758445217,1.691666544,92,9.451327434
179,10IJV22,2022,left,IN,1514,N,2188895717,1445769.958,2.166,67.135,_C3_s3_leIN-1.tif,E10,33,NPY5R,27.89199448,27.83371353,0.082423054,E6,ACTB,20.55480957,20.5700016,0.021484777,2022,22-04-02,7:50,Urban,South VT,3.917808,34,0,0,IJV,Late,-0.325110944,0.896098072,-0.191559781,20.4,1,5.65,24.1,5.98,6.52,7.68,21.3,62.91,69.75,NA,NA,NA,7.26371193,2.893625639,4.370086291,0.048358514,92,9.451327434
180,10IJV22,2022,left,IN,1514,N,2188895717,1445769.958,2.166,67.135,_C3_s3_leIN-1.tif,C6,33,NPY,21.62509727,21.64794159,0.03230539,E6,ACTB,20.55480957,20.5700016,0.021484777,2022,22-04-02,7:21,Urban,South VT,2.493151,20,12,10,IJV,Early,2.340780459,-0.60424777,-0.669242103,20.4,1,5.65,24.1,5.98,6.52,7.68,21.3,62.91,69.75,NA,NA,NA,1.07793999,1.836385207,-0.758445217,1.691666544,92,9.451327434
181,10IJV22,2022,left,IN,1514,N,2188895717,1445769.958,2.166,67.135,_C3_s3_leIN-1.tif,C8,33,NPY1R,26.6392231,26.65630531,0.024157899,E6,ACTB,20.55480957,20.5700016,0.021484777,2022,22-04-02,7:50,Urban,South VT,3.917808,34,0,0,IJV,Late,-0.325110944,0.896098072,-0.191559781,20.4,1,5.65,24.1,5.98,6.52,7.68,21.3,62.91,69.75,NA,NA,NA,6.08630371,5.140238897,0.946064813,0.519046317,92,9.451327434
182,10IJV22,2022,left,IN,1514,N,2188895717,1445769.958,2.166,67.135,_C3_s3_leIN-1.tif,E10,33,NPY2R,29.22180557,29.44756317,0.319268107,E6,ACTB,20.55480957,20.5700016,0.021484777,2022,22-04-02,7:50,Urban,South VT,3.917808,34,0,0,IJV,Late,-0.325110944,0.896098072,-0.191559781,20.4,1,5.65,24.1,5.98,6.52,7.68,21.3,62.91,69.75,NA,NA,NA,8.87756157,6.579880107,2.297681463,0.203389702,92,9.451327434
183,10IJV22,2022,left,IN,1514,N,2188895717,1445769.958,2.166,67.135,_C3_s3_leIN-1.tif,C8,33,NPY1R,26.6392231,26.65630531,0.024157899,E6,ACTB,20.55480957,20.5700016,0.021484777,2022,22-04-02,7:21,Urban,South VT,2.493151,20,12,10,IJV,Early,2.340780459,-0.60424777,-0.669242103,20.4,1,5.65,24.1,5.98,6.52,7.68,21.3,62.91,69.75,NA,NA,NA,6.08630371,5.140238897,0.946064813,0.519046317,92,9.451327434
184,10IJV22,2022,left,IN,1514,N,2188895717,1445769.958,2.166,67.135,_C3_s3_leIN-1.tif,E10,33,NPY2R,29.22180557,29.44756317,0.319268107,E6,ACTB,20.55480957,20.5700016,0.021484777,2022,22-04-02,7:21,Urban,South VT,2.493151,20,12,10,IJV,Early,2.340780459,-0.60424777,-0.669242103,20.4,1,5.65,24.1,5.98,6.52,7.68,21.3,62.91,69.75,NA,NA,NA,8.87756157,6.579880107,2.297681463,0.203389702,92,9.451327434
185,10IJV22,2022,left,PVN,1868,Y,2068558252,1107365.231,2.047,64.474,_C3_s3_lePVN-1.tif,E10,33,NPY5R,27.89199448,27.83371353,0.082423054,E6,ACTB,20.55480957,20.5700016,0.021484777,2022,22-04-02,7:21,Urban,South VT,2.493151,20,12,10,IJV,Early,2.340780459,-0.60424777,-0.669242103,20.4,1,5.65,24.1,5.98,6.52,7.68,21.3,62.91,69.75,NA,NA,NA,7.26371193,2.893625639,4.370086291,0.048358514,92,9.451327434
186,10IJV22,2022,left,PVN,1868,N,2068558252,1107365.231,2.047,64.474,_C3_s3_lePVN-1.tif,C6,33,NPY,21.62509727,21.64794159,0.03230539,E6,ACTB,20.55480957,20.5700016,0.021484777,2022,22-04-02,7:50,Urban,South VT,3.917808,34,0,0,IJV,Late,-0.325110944,0.896098072,-0.191559781,20.4,1,5.65,24.1,5.98,6.52,7.68,21.3,62.91,69.75,NA,NA,NA,1.07793999,1.836385207,-0.758445217,1.691666544,92,9.451327434
187,10IJV22,2022,left,PVN,1868,N,2068558252,1107365.231,2.047,64.474,_C3_s3_lePVN-1.tif,E10,33,NPY5R,27.89199448,27.83371353,0.082423054,E6,ACTB,20.55480957,20.5700016,0.021484777,2022,22-04-02,7:50,Urban,South VT,3.917808,34,0,0,IJV,Late,-0.325110944,0.896098072,-0.191559781,20.4,1,5.65,24.1,5.98,6.52,7.68,21.3,62.91,69.75,NA,NA,NA,7.26371193,2.893625639,4.370086291,0.048358514,92,9.451327434
188,10IJV22,2022,left,PVN,1868,N,2068558252,1107365.231,2.047,64.474,_C3_s3_lePVN-1.tif,C6,33,NPY,21.62509727,21.64794159,0.03230539,E6,ACTB,20.55480957,20.5700016,0.021484777,2022,22-04-02,7:21,Urban,South VT,2.493151,20,12,10,IJV,Early,2.340780459,-0.60424777,-0.669242103,20.4,1,5.65,24.1,5.98,6.52,7.68,21.3,62.91,69.75,NA,NA,NA,1.07793999,1.836385207,-0.758445217,1.691666544,92,9.451327434
189,10IJV22,2022,left,PVN,1868,N,2068558252,1107365.231,2.047,64.474,_C3_s3_lePVN-1.tif,C8,33,NPY1R,26.6392231,26.65630531,0.024157899,E6,ACTB,20.55480957,20.5700016,0.021484777,2022,22-04-02,7:50,Urban,South VT,3.917808,34,0,0,IJV,Late,-0.325110944,0.896098072,-0.191559781,20.4,1,5.65,24.1,5.98,6.52,7.68,21.3,62.91,69.75,NA,NA,NA,6.08630371,5.140238897,0.946064813,0.519046317,92,9.451327434
190,10IJV22,2022,left,PVN,1868,N,2068558252,1107365.231,2.047,64.474,_C3_s3_lePVN-1.tif,E10,33,NPY2R,29.22180557,29.44756317,0.319268107,E6,ACTB,20.55480957,20.5700016,0.021484777,2022,22-04-02,7:50,Urban,South VT,3.917808,34,0,0,IJV,Late,-0.325110944,0.896098072,-0.191559781,20.4,1,5.65,24.1,5.98,6.52,7.68,21.3,62.91,69.75,NA,NA,NA,8.87756157,6.579880107,2.297681463,0.203389702,92,9.451327434
191,10IJV22,2022,left,PVN,1868,N,2068558252,1107365.231,2.047,64.474,_C3_s3_lePVN-1.tif,C8,33,NPY1R,26.6392231,26.65630531,0.024157899,E6,ACTB,20.55480957,20.5700016,0.021484777,2022,22-04-02,7:21,Urban,South VT,2.493151,20,12,10,IJV,Early,2.340780459,-0.60424777,-0.669242103,20.4,1,5.65,24.1,5.98,6.52,7.68,21.3,62.91,69.75,NA,NA,NA,6.08630371,5.140238897,0.946064813,0.519046317,92,9.451327434
192,10IJV22,2022,left,PVN,1868,N,2068558252,1107365.231,2.047,64.474,_C3_s3_lePVN-1.tif,E10,33,NPY2R,29.22180557,29.44756317,0.319268107,E6,ACTB,20.55480957,20.5700016,0.021484777,2022,22-04-02,7:21,Urban,South VT,2.493151,20,12,10,IJV,Early,2.340780459,-0.60424777,-0.669242103,20.4,1,5.65,24.1,5.98,6.52,7.68,21.3,62.91,69.75,NA,NA,NA,8.87756157,6.579880107,2.297681463,0.203389702,92,9.451327434
193,10IJV22,2022,right,IN,2350,Y,3554610390,1512600.166,3.518,65.998,_C3_s3_right-1.tif,E10,33,NPY5R,27.89199448,27.83371353,0.082423054,E6,ACTB,20.55480957,20.5700016,0.021484777,2022,22-04-02,7:21,Urban,South VT,2.493151,20,12,10,IJV,Early,2.340780459,-0.60424777,-0.669242103,20.4,1,5.65,24.1,5.98,6.52,7.68,21.3,62.91,69.75,NA,NA,NA,7.26371193,2.893625639,4.370086291,0.048358514,92,9.451327434
194,10IJV22,2022,right,IN,2350,N,3554610390,1512600.166,3.518,65.998,_C3_s3_right-1.tif,C6,33,NPY,21.62509727,21.64794159,0.03230539,E6,ACTB,20.55480957,20.5700016,0.021484777,2022,22-04-02,7:50,Urban,South VT,3.917808,34,0,0,IJV,Late,-0.325110944,0.896098072,-0.191559781,20.4,1,5.65,24.1,5.98,6.52,7.68,21.3,62.91,69.75,NA,NA,NA,1.07793999,1.836385207,-0.758445217,1.691666544,92,9.451327434
195,10IJV22,2022,right,IN,2350,N,3554610390,1512600.166,3.518,65.998,_C3_s3_right-1.tif,E10,33,NPY5R,27.89199448,27.83371353,0.082423054,E6,ACTB,20.55480957,20.5700016,0.021484777,2022,22-04-02,7:50,Urban,South VT,3.917808,34,0,0,IJV,Late,-0.325110944,0.896098072,-0.191559781,20.4,1,5.65,24.1,5.98,6.52,7.68,21.3,62.91,69.75,NA,NA,NA,7.26371193,2.893625639,4.370086291,0.048358514,92,9.451327434
196,10IJV22,2022,right,IN,2350,N,3554610390,1512600.166,3.518,65.998,_C3_s3_right-1.tif,C6,33,NPY,21.62509727,21.64794159,0.03230539,E6,ACTB,20.55480957,20.5700016,0.021484777,2022,22-04-02,7:21,Urban,South VT,2.493151,20,12,10,IJV,Early,2.340780459,-0.60424777,-0.669242103,20.4,1,5.65,24.1,5.98,6.52,7.68,21.3,62.91,69.75,NA,NA,NA,1.07793999,1.836385207,-0.758445217,1.691666544,92,9.451327434
197,10IJV22,2022,right,IN,2350,N,3554610390,1512600.166,3.518,65.998,_C3_s3_right-1.tif,C8,33,NPY1R,26.6392231,26.65630531,0.024157899,E6,ACTB,20.55480957,20.5700016,0.021484777,2022,22-04-02,7:50,Urban,South VT,3.917808,34,0,0,IJV,Late,-0.325110944,0.896098072,-0.191559781,20.4,1,5.65,24.1,5.98,6.52,7.68,21.3,62.91,69.75,NA,NA,NA,6.08630371,5.140238897,0.946064813,0.519046317,92,9.451327434
198,10IJV22,2022,right,IN,2350,N,3554610390,1512600.166,3.518,65.998,_C3_s3_right-1.tif,E10,33,NPY2R,29.22180557,29.44756317,0.319268107,E6,ACTB,20.55480957,20.5700016,0.021484777,2022,22-04-02,7:50,Urban,South VT,3.917808,34,0,0,IJV,Late,-0.325110944,0.896098072,-0.191559781,20.4,1,5.65,24.1,5.98,6.52,7.68,21.3,62.91,69.75,NA,NA,NA,8.87756157,6.579880107,2.297681463,0.203389702,92,9.451327434
199,10IJV22,2022,right,IN,2350,N,3554610390,1512600.166,3.518,65.998,_C3_s3_right-1.tif,C8,33,NPY1R,26.6392231,26.65630531,0.024157899,E6,ACTB,20.55480957,20.5700016,0.021484777,2022,22-04-02,7:21,Urban,South VT,2.493151,20,12,10,IJV,Early,2.340780459,-0.60424777,-0.669242103,20.4,1,5.65,24.1,5.98,6.52,7.68,21.3,62.91,69.75,NA,NA,NA,6.08630371,5.140238897,0.946064813,0.519046317,92,9.451327434
200,10IJV22,2022,right,IN,2350,N,3554610390,1512600.166,3.518,65.998,_C3_s3_right-1.tif,E10,33,NPY2R,29.22180557,29.44756317,0.319268107,E6,ACTB,20.55480957,20.5700016,0.021484777,2022,22-04-02,7:21,Urban,South VT,2.493151,20,12,10,IJV,Early,2.340780459,-0.60424777,-0.669242103,20.4,1,5.65,24.1,5.98,6.52,7.68,21.3,62.91,69.75,NA,NA,NA,8.87756157,6.579880107,2.297681463,0.203389702,92,9.451327434
201,10IJV22,2022,right,PVN,829,Y,964519799.2,1163473.823,0.954,68.166,_C3_s3_right-1.tif,E10,33,NPY5R,27.89199448,27.83371353,0.082423054,E6,ACTB,20.55480957,20.5700016,0.021484777,2022,22-04-02,7:21,Urban,South VT,2.493151,20,12,10,IJV,Early,2.340780459,-0.60424777,-0.669242103,20.4,1,5.65,24.1,5.98,6.52,7.68,21.3,62.91,69.75,NA,NA,NA,7.26371193,2.893625639,4.370086291,0.048358514,92,9.451327434
202,10IJV22,2022,right,PVN,829,N,964519799.2,1163473.823,0.954,68.166,_C3_s3_right-1.tif,C6,33,NPY,21.62509727,21.64794159,0.03230539,E6,ACTB,20.55480957,20.5700016,0.021484777,2022,22-04-02,7:50,Urban,South VT,3.917808,34,0,0,IJV,Late,-0.325110944,0.896098072,-0.191559781,20.4,1,5.65,24.1,5.98,6.52,7.68,21.3,62.91,69.75,NA,NA,NA,1.07793999,1.836385207,-0.758445217,1.691666544,92,9.451327434
203,10IJV22,2022,right,PVN,829,N,964519799.2,1163473.823,0.954,68.166,_C3_s3_right-1.tif,E10,33,NPY5R,27.89199448,27.83371353,0.082423054,E6,ACTB,20.55480957,20.5700016,0.021484777,2022,22-04-02,7:50,Urban,South VT,3.917808,34,0,0,IJV,Late,-0.325110944,0.896098072,-0.191559781,20.4,1,5.65,24.1,5.98,6.52,7.68,21.3,62.91,69.75,NA,NA,NA,7.26371193,2.893625639,4.370086291,0.048358514,92,9.451327434
204,10IJV22,2022,right,PVN,829,N,964519799.2,1163473.823,0.954,68.166,_C3_s3_right-1.tif,C6,33,NPY,21.62509727,21.64794159,0.03230539,E6,ACTB,20.55480957,20.5700016,0.021484777,2022,22-04-02,7:21,Urban,South VT,2.493151,20,12,10,IJV,Early,2.340780459,-0.60424777,-0.669242103,20.4,1,5.65,24.1,5.98,6.52,7.68,21.3,62.91,69.75,NA,NA,NA,1.07793999,1.836385207,-0.758445217,1.691666544,92,9.451327434
205,10IJV22,2022,right,PVN,829,N,964519799.2,1163473.823,0.954,68.166,_C3_s3_right-1.tif,C8,33,NPY1R,26.6392231,26.65630531,0.024157899,E6,ACTB,20.55480957,20.5700016,0.021484777,2022,22-04-02,7:50,Urban,South VT,3.917808,34,0,0,IJV,Late,-0.325110944,0.896098072,-0.191559781,20.4,1,5.65,24.1,5.98,6.52,7.68,21.3,62.91,69.75,NA,NA,NA,6.08630371,5.140238897,0.946064813,0.519046317,92,9.451327434
206,10IJV22,2022,right,PVN,829,N,964519799.2,1163473.823,0.954,68.166,_C3_s3_right-1.tif,E10,33,NPY2R,29.22180557,29.44756317,0.319268107,E6,ACTB,20.55480957,20.5700016,0.021484777,2022,22-04-02,7:50,Urban,South VT,3.917808,34,0,0,IJV,Late,-0.325110944,0.896098072,-0.191559781,20.4,1,5.65,24.1,5.98,6.52,7.68,21.3,62.91,69.75,NA,NA,NA,8.87756157,6.579880107,2.297681463,0.203389702,92,9.451327434
207,10IJV22,2022,right,PVN,829,N,964519799.2,1163473.823,0.954,68.166,_C3_s3_right-1.tif,C8,33,NPY1R,26.6392231,26.65630531,0.024157899,E6,ACTB,20.55480957,20.5700016,0.021484777,2022,22-04-02,7:21,Urban,South VT,2.493151,20,12,10,IJV,Early,2.340780459,-0.60424777,-0.669242103,20.4,1,5.65,24.1,5.98,6.52,7.68,21.3,62.91,69.75,NA,NA,NA,6.08630371,5.140238897,0.946064813,0.519046317,92,9.451327434
208,10IJV22,2022,right,PVN,829,N,964519799.2,1163473.823,0.954,68.166,_C3_s3_right-1.tif,E10,33,NPY2R,29.22180557,29.44756317,0.319268107,E6,ACTB,20.55480957,20.5700016,0.021484777,2022,22-04-02,7:21,Urban,South VT,2.493151,20,12,10,IJV,Early,2.340780459,-0.60424777,-0.669242103,20.4,1,5.65,24.1,5.98,6.52,7.68,21.3,62.91,69.75,NA,NA,NA,8.87756157,6.579880107,2.297681463,0.203389702,92,9.451327434
209,10SJL22,2022,left,IN,2391,Y,2428030541,1015487.47,2.403,69.272,_B3_s4_leIN-1.tif,B2,36,NPY1R,27.0948143,27.28684807,0.271576762,F10,ACTB,20.84293747,20.87208557,0.04122299,2022,22-04-01,7:31,Rural,Heritage,1.561644,22,1,1,SJL,Late,0.230682718,1.23266246,-0.349636195,21,0,4.42,20.65,5.66,6.2,8.13,20.98,67.43,59.2,34,3060,3420,6.4147625,5.140238897,1.274523603,0.413361634,91,8.451327434
210,10SJL22,2022,left,IN,2391,N,2428030541,1015487.47,2.403,69.272,_B3_s4_leIN-1.tif,B2,36,NPY1R,27.0948143,27.28684807,0.271576762,F10,ACTB,20.84293747,20.87208557,0.04122299,2022,22-04-01,7:06,Rural,Heritage,1.547945,6,1,7,SJL,Early,0.782742944,1.068474193,0.354923327,21,0,4.42,20.65,5.66,6.2,8.13,20.98,67.43,59.2,34,3060,3420,6.4147625,5.140238897,1.274523603,0.413361634,91,8.451327434
211,10SJL22,2022,left,IN,2391,N,2428030541,1015487.47,2.403,69.272,_B3_s4_leIN-1.tif,D6,36,NPY,23.60733986,23.49436951,0.159765557,F10,ACTB,20.84293747,20.87208557,0.04122299,2022,22-04-01,7:31,Rural,Heritage,1.561644,22,1,1,SJL,Late,0.230682718,1.23266246,-0.349636195,21,0,4.42,20.65,5.66,6.2,8.13,20.98,67.43,59.2,34,3060,3420,2.62228394,1.836385207,0.785898733,0.579990537,91,8.451327434
212,10SJL22,2022,left,IN,2391,N,2428030541,1015487.47,2.403,69.272,_B3_s4_leIN-1.tif,E4,36,NPY2R,28.85828018,28.95453262,0.136120156,F10,ACTB,20.84293747,20.87208557,0.04122299,2022,22-04-01,7:06,Rural,Heritage,1.547945,6,1,7,SJL,Early,0.782742944,1.068474193,0.354923327,21,0,4.42,20.65,5.66,6.2,8.13,20.98,67.43,59.2,34,3060,3420,8.08244705,6.579880107,1.502566943,0.352924883,91,8.451327434
213,10SJL22,2022,left,IN,2391,N,2428030541,1015487.47,2.403,69.272,_B3_s4_leIN-1.tif,E4,36,NPY5R,27.6039772,27.62757683,0.033374909,F10,ACTB,20.84293747,20.87208557,0.04122299,2022,22-04-01,7:06,Rural,Heritage,1.547945,6,1,7,SJL,Early,0.782742944,1.068474193,0.354923327,21,0,4.42,20.65,5.66,6.2,8.13,20.98,67.43,59.2,34,3060,3420,6.75549126,2.893625639,3.861865621,0.068780069,91,8.451327434
214,10SJL22,2022,left,IN,2391,N,2428030541,1015487.47,2.403,69.272,_B3_s4_leIN-1.tif,E4,36,NPY2R,28.85828018,28.95453262,0.136120156,F10,ACTB,20.84293747,20.87208557,0.04122299,2022,22-04-01,7:31,Rural,Heritage,1.561644,22,1,1,SJL,Late,0.230682718,1.23266246,-0.349636195,21,0,4.42,20.65,5.66,6.2,8.13,20.98,67.43,59.2,34,3060,3420,8.08244705,6.579880107,1.502566943,0.352924883,91,8.451327434
215,10SJL22,2022,left,IN,2391,N,2428030541,1015487.47,2.403,69.272,_B3_s4_leIN-1.tif,E4,36,NPY5R,27.6039772,27.62757683,0.033374909,F10,ACTB,20.84293747,20.87208557,0.04122299,2022,22-04-01,7:31,Rural,Heritage,1.561644,22,1,1,SJL,Late,0.230682718,1.23266246,-0.349636195,21,0,4.42,20.65,5.66,6.2,8.13,20.98,67.43,59.2,34,3060,3420,6.75549126,2.893625639,3.861865621,0.068780069,91,8.451327434
216,10SJL22,2022,left,IN,2391,N,2428030541,1015487.47,2.403,69.272,_B3_s4_leIN-1.tif,D6,36,NPY,23.60733986,23.49436951,0.159765557,F10,ACTB,20.84293747,20.87208557,0.04122299,2022,22-04-01,7:06,Rural,Heritage,1.547945,6,1,7,SJL,Early,0.782742944,1.068474193,0.354923327,21,0,4.42,20.65,5.66,6.2,8.13,20.98,67.43,59.2,34,3060,3420,2.62228394,1.836385207,0.785898733,0.579990537,91,8.451327434
217,10SJL22,2022,left,PVN,1640,Y,1448949836,883505.998,1.434,68.883,_B3_s4_lePVN-1.tif,B2,36,NPY1R,27.0948143,27.28684807,0.271576762,F10,ACTB,20.84293747,20.87208557,0.04122299,2022,22-04-01,7:31,Rural,Heritage,1.561644,22,1,1,SJL,Late,0.230682718,1.23266246,-0.349636195,21,0,4.42,20.65,5.66,6.2,8.13,20.98,67.43,59.2,34,3060,3420,6.4147625,5.140238897,1.274523603,0.413361634,91,8.451327434
218,10SJL22,2022,left,PVN,1640,N,1448949836,883505.998,1.434,68.883,_B3_s4_lePVN-1.tif,B2,36,NPY1R,27.0948143,27.28684807,0.271576762,F10,ACTB,20.84293747,20.87208557,0.04122299,2022,22-04-01,7:06,Rural,Heritage,1.547945,6,1,7,SJL,Early,0.782742944,1.068474193,0.354923327,21,0,4.42,20.65,5.66,6.2,8.13,20.98,67.43,59.2,34,3060,3420,6.4147625,5.140238897,1.274523603,0.413361634,91,8.451327434
219,10SJL22,2022,left,PVN,1640,N,1448949836,883505.998,1.434,68.883,_B3_s4_lePVN-1.tif,D6,36,NPY,23.60733986,23.49436951,0.159765557,F10,ACTB,20.84293747,20.87208557,0.04122299,2022,22-04-01,7:31,Rural,Heritage,1.561644,22,1,1,SJL,Late,0.230682718,1.23266246,-0.349636195,21,0,4.42,20.65,5.66,6.2,8.13,20.98,67.43,59.2,34,3060,3420,2.62228394,1.836385207,0.785898733,0.579990537,91,8.451327434
220,10SJL22,2022,left,PVN,1640,N,1448949836,883505.998,1.434,68.883,_B3_s4_lePVN-1.tif,E4,36,NPY2R,28.85828018,28.95453262,0.136120156,F10,ACTB,20.84293747,20.87208557,0.04122299,2022,22-04-01,7:06,Rural,Heritage,1.547945,6,1,7,SJL,Early,0.782742944,1.068474193,0.354923327,21,0,4.42,20.65,5.66,6.2,8.13,20.98,67.43,59.2,34,3060,3420,8.08244705,6.579880107,1.502566943,0.352924883,91,8.451327434
221,10SJL22,2022,left,PVN,1640,N,1448949836,883505.998,1.434,68.883,_B3_s4_lePVN-1.tif,E4,36,NPY5R,27.6039772,27.62757683,0.033374909,F10,ACTB,20.84293747,20.87208557,0.04122299,2022,22-04-01,7:06,Rural,Heritage,1.547945,6,1,7,SJL,Early,0.782742944,1.068474193,0.354923327,21,0,4.42,20.65,5.66,6.2,8.13,20.98,67.43,59.2,34,3060,3420,6.75549126,2.893625639,3.861865621,0.068780069,91,8.451327434
222,10SJL22,2022,left,PVN,1640,N,1448949836,883505.998,1.434,68.883,_B3_s4_lePVN-1.tif,E4,36,NPY2R,28.85828018,28.95453262,0.136120156,F10,ACTB,20.84293747,20.87208557,0.04122299,2022,22-04-01,7:31,Rural,Heritage,1.561644,22,1,1,SJL,Late,0.230682718,1.23266246,-0.349636195,21,0,4.42,20.65,5.66,6.2,8.13,20.98,67.43,59.2,34,3060,3420,8.08244705,6.579880107,1.502566943,0.352924883,91,8.451327434
223,10SJL22,2022,left,PVN,1640,N,1448949836,883505.998,1.434,68.883,_B3_s4_lePVN-1.tif,E4,36,NPY5R,27.6039772,27.62757683,0.033374909,F10,ACTB,20.84293747,20.87208557,0.04122299,2022,22-04-01,7:31,Rural,Heritage,1.561644,22,1,1,SJL,Late,0.230682718,1.23266246,-0.349636195,21,0,4.42,20.65,5.66,6.2,8.13,20.98,67.43,59.2,34,3060,3420,6.75549126,2.893625639,3.861865621,0.068780069,91,8.451327434
224,10SJL22,2022,left,PVN,1640,N,1448949836,883505.998,1.434,68.883,_B3_s4_lePVN-1.tif,D6,36,NPY,23.60733986,23.49436951,0.159765557,F10,ACTB,20.84293747,20.87208557,0.04122299,2022,22-04-01,7:06,Rural,Heritage,1.547945,6,1,7,SJL,Early,0.782742944,1.068474193,0.354923327,21,0,4.42,20.65,5.66,6.2,8.13,20.98,67.43,59.2,34,3060,3420,2.62228394,1.836385207,0.785898733,0.579990537,91,8.451327434
225,10SJL22,2022,right,IN,2333,Y,2523236442,1081541.552,2.497,68.678,_B3_s4_right-1.tif,B2,36,NPY1R,27.0948143,27.28684807,0.271576762,F10,ACTB,20.84293747,20.87208557,0.04122299,2022,22-04-01,7:31,Rural,Heritage,1.561644,22,1,1,SJL,Late,0.230682718,1.23266246,-0.349636195,21,0,4.42,20.65,5.66,6.2,8.13,20.98,67.43,59.2,34,3060,3420,6.4147625,5.140238897,1.274523603,0.413361634,91,8.451327434
226,10SJL22,2022,right,IN,2333,N,2523236442,1081541.552,2.497,68.678,_B3_s4_right-1.tif,B2,36,NPY1R,27.0948143,27.28684807,0.271576762,F10,ACTB,20.84293747,20.87208557,0.04122299,2022,22-04-01,7:06,Rural,Heritage,1.547945,6,1,7,SJL,Early,0.782742944,1.068474193,0.354923327,21,0,4.42,20.65,5.66,6.2,8.13,20.98,67.43,59.2,34,3060,3420,6.4147625,5.140238897,1.274523603,0.413361634,91,8.451327434
227,10SJL22,2022,right,IN,2333,N,2523236442,1081541.552,2.497,68.678,_B3_s4_right-1.tif,D6,36,NPY,23.60733986,23.49436951,0.159765557,F10,ACTB,20.84293747,20.87208557,0.04122299,2022,22-04-01,7:31,Rural,Heritage,1.561644,22,1,1,SJL,Late,0.230682718,1.23266246,-0.349636195,21,0,4.42,20.65,5.66,6.2,8.13,20.98,67.43,59.2,34,3060,3420,2.62228394,1.836385207,0.785898733,0.579990537,91,8.451327434
228,10SJL22,2022,right,IN,2333,N,2523236442,1081541.552,2.497,68.678,_B3_s4_right-1.tif,E4,36,NPY2R,28.85828018,28.95453262,0.136120156,F10,ACTB,20.84293747,20.87208557,0.04122299,2022,22-04-01,7:06,Rural,Heritage,1.547945,6,1,7,SJL,Early,0.782742944,1.068474193,0.354923327,21,0,4.42,20.65,5.66,6.2,8.13,20.98,67.43,59.2,34,3060,3420,8.08244705,6.579880107,1.502566943,0.352924883,91,8.451327434
229,10SJL22,2022,right,IN,2333,N,2523236442,1081541.552,2.497,68.678,_B3_s4_right-1.tif,E4,36,NPY5R,27.6039772,27.62757683,0.033374909,F10,ACTB,20.84293747,20.87208557,0.04122299,2022,22-04-01,7:06,Rural,Heritage,1.547945,6,1,7,SJL,Early,0.782742944,1.068474193,0.354923327,21,0,4.42,20.65,5.66,6.2,8.13,20.98,67.43,59.2,34,3060,3420,6.75549126,2.893625639,3.861865621,0.068780069,91,8.451327434
230,10SJL22,2022,right,IN,2333,N,2523236442,1081541.552,2.497,68.678,_B3_s4_right-1.tif,E4,36,NPY2R,28.85828018,28.95453262,0.136120156,F10,ACTB,20.84293747,20.87208557,0.04122299,2022,22-04-01,7:31,Rural,Heritage,1.561644,22,1,1,SJL,Late,0.230682718,1.23266246,-0.349636195,21,0,4.42,20.65,5.66,6.2,8.13,20.98,67.43,59.2,34,3060,3420,8.08244705,6.579880107,1.502566943,0.352924883,91,8.451327434
231,10SJL22,2022,right,IN,2333,N,2523236442,1081541.552,2.497,68.678,_B3_s4_right-1.tif,E4,36,NPY5R,27.6039772,27.62757683,0.033374909,F10,ACTB,20.84293747,20.87208557,0.04122299,2022,22-04-01,7:31,Rural,Heritage,1.561644,22,1,1,SJL,Late,0.230682718,1.23266246,-0.349636195,21,0,4.42,20.65,5.66,6.2,8.13,20.98,67.43,59.2,34,3060,3420,6.75549126,2.893625639,3.861865621,0.068780069,91,8.451327434
232,10SJL22,2022,right,IN,2333,N,2523236442,1081541.552,2.497,68.678,_B3_s4_right-1.tif,D6,36,NPY,23.60733986,23.49436951,0.159765557,F10,ACTB,20.84293747,20.87208557,0.04122299,2022,22-04-01,7:06,Rural,Heritage,1.547945,6,1,7,SJL,Early,0.782742944,1.068474193,0.354923327,21,0,4.42,20.65,5.66,6.2,8.13,20.98,67.43,59.2,34,3060,3420,2.62228394,1.836385207,0.785898733,0.579990537,91,8.451327434
233,10SJL22,2022,right,PVN,1546,Y,1456720317,942251.176,1.442,68.683,_B3_s4_right-1.tif,B2,36,NPY1R,27.0948143,27.28684807,0.271576762,F10,ACTB,20.84293747,20.87208557,0.04122299,2022,22-04-01,7:31,Rural,Heritage,1.561644,22,1,1,SJL,Late,0.230682718,1.23266246,-0.349636195,21,0,4.42,20.65,5.66,6.2,8.13,20.98,67.43,59.2,34,3060,3420,6.4147625,5.140238897,1.274523603,0.413361634,91,8.451327434
234,10SJL22,2022,right,PVN,1546,N,1456720317,942251.176,1.442,68.683,_B3_s4_right-1.tif,B2,36,NPY1R,27.0948143,27.28684807,0.271576762,F10,ACTB,20.84293747,20.87208557,0.04122299,2022,22-04-01,7:06,Rural,Heritage,1.547945,6,1,7,SJL,Early,0.782742944,1.068474193,0.354923327,21,0,4.42,20.65,5.66,6.2,8.13,20.98,67.43,59.2,34,3060,3420,6.4147625,5.140238897,1.274523603,0.413361634,91,8.451327434
235,10SJL22,2022,right,PVN,1546,N,1456720317,942251.176,1.442,68.683,_B3_s4_right-1.tif,D6,36,NPY,23.60733986,23.49436951,0.159765557,F10,ACTB,20.84293747,20.87208557,0.04122299,2022,22-04-01,7:31,Rural,Heritage,1.561644,22,1,1,SJL,Late,0.230682718,1.23266246,-0.349636195,21,0,4.42,20.65,5.66,6.2,8.13,20.98,67.43,59.2,34,3060,3420,2.62228394,1.836385207,0.785898733,0.579990537,91,8.451327434
236,10SJL22,2022,right,PVN,1546,N,1456720317,942251.176,1.442,68.683,_B3_s4_right-1.tif,E4,36,NPY2R,28.85828018,28.95453262,0.136120156,F10,ACTB,20.84293747,20.87208557,0.04122299,2022,22-04-01,7:06,Rural,Heritage,1.547945,6,1,7,SJL,Early,0.782742944,1.068474193,0.354923327,21,0,4.42,20.65,5.66,6.2,8.13,20.98,67.43,59.2,34,3060,3420,8.08244705,6.579880107,1.502566943,0.352924883,91,8.451327434
237,10SJL22,2022,right,PVN,1546,N,1456720317,942251.176,1.442,68.683,_B3_s4_right-1.tif,E4,36,NPY5R,27.6039772,27.62757683,0.033374909,F10,ACTB,20.84293747,20.87208557,0.04122299,2022,22-04-01,7:06,Rural,Heritage,1.547945,6,1,7,SJL,Early,0.782742944,1.068474193,0.354923327,21,0,4.42,20.65,5.66,6.2,8.13,20.98,67.43,59.2,34,3060,3420,6.75549126,2.893625639,3.861865621,0.068780069,91,8.451327434
238,10SJL22,2022,right,PVN,1546,N,1456720317,942251.176,1.442,68.683,_B3_s4_right-1.tif,E4,36,NPY2R,28.85828018,28.95453262,0.136120156,F10,ACTB,20.84293747,20.87208557,0.04122299,2022,22-04-01,7:31,Rural,Heritage,1.561644,22,1,1,SJL,Late,0.230682718,1.23266246,-0.349636195,21,0,4.42,20.65,5.66,6.2,8.13,20.98,67.43,59.2,34,3060,3420,8.08244705,6.579880107,1.502566943,0.352924883,91,8.451327434
239,10SJL22,2022,right,PVN,1546,N,1456720317,942251.176,1.442,68.683,_B3_s4_right-1.tif,E4,36,NPY5R,27.6039772,27.62757683,0.033374909,F10,ACTB,20.84293747,20.87208557,0.04122299,2022,22-04-01,7:31,Rural,Heritage,1.561644,22,1,1,SJL,Late,0.230682718,1.23266246,-0.349636195,21,0,4.42,20.65,5.66,6.2,8.13,20.98,67.43,59.2,34,3060,3420,6.75549126,2.893625639,3.861865621,0.068780069,91,8.451327434
240,10SJL22,2022,right,PVN,1546,N,1456720317,942251.176,1.442,68.683,_B3_s4_right-1.tif,D6,36,NPY,23.60733986,23.49436951,0.159765557,F10,ACTB,20.84293747,20.87208557,0.04122299,2022,22-04-01,7:06,Rural,Heritage,1.547945,6,1,7,SJL,Early,0.782742944,1.068474193,0.354923327,21,0,4.42,20.65,5.66,6.2,8.13,20.98,67.43,59.2,34,3060,3420,2.62228394,1.836385207,0.785898733,0.579990537,91,8.451327434
241,10TEF22,2022,left,IN,2758,Y,6210295017,2251738.585,6.146,68.85,_B3_s4_leIN-1.tif,D8,37,NPY,20.79611206,20.85025215,0.076565653,A12,ACTB,21.2016964,21.2182312,0.023383746,2022,22-04-02,10:02,Rural,Stream,10.684932,11,0,2,TEF,Late,-1.104602571,-0.569700662,0.460543308,21.3,NA,NA,NA,NA,NA,NA,NA,NA,NA,NA,38400,38760,-0.36797905,1.836385207,-2.204364257,4.608714049,92,9.451327434
242,10TEF22,2022,left,IN,2758,N,6210295017,2251738.585,6.146,68.85,_B3_s4_leIN-1.tif,E2,37,NPY5R,28.10886765,28.16038895,0.072863474,A12,ACTB,21.2016964,21.2182312,0.023383746,2022,22-04-02,9:40,Rural,Stream,8.356164,17,1,3,TEF,Early,-0.552707135,-0.238845252,0.304155025,21.3,NA,NA,NA,NA,NA,NA,NA,NA,NA,NA,38400,38760,6.94215775,2.893625639,4.048532111,0.060432477,92,9.451327434
243,10TEF22,2022,left,IN,2758,N,6210295017,2251738.585,6.146,68.85,_B3_s4_leIN-1.tif,E2,37,NPY5R,28.10886765,28.16038895,0.072863474,A12,ACTB,21.2016964,21.2182312,0.023383746,2022,22-04-02,10:02,Rural,Stream,10.684932,11,0,2,TEF,Late,-1.104602571,-0.569700662,0.460543308,21.3,NA,NA,NA,NA,NA,NA,NA,NA,NA,NA,38400,38760,6.94215775,2.893625639,4.048532111,0.060432477,92,9.451327434
244,10TEF22,2022,left,IN,2758,N,6210295017,2251738.585,6.146,68.85,_B3_s4_leIN-1.tif,E2,37,NPY2R,29.93490982,30.15682983,0.313840956,A12,ACTB,21.2016964,21.2182312,0.023383746,2022,22-04-02,10:02,Rural,Stream,10.684932,11,0,2,TEF,Late,-1.104602571,-0.569700662,0.460543308,21.3,NA,NA,NA,NA,NA,NA,NA,NA,NA,NA,38400,38760,8.93859863,6.579880107,2.358718523,0.194964245,92,9.451327434
245,10TEF22,2022,left,IN,2758,N,6210295017,2251738.585,6.146,68.85,_B3_s4_leIN-1.tif,D8,37,NPY,20.79611206,20.85025215,0.076565653,A12,ACTB,21.2016964,21.2182312,0.023383746,2022,22-04-02,9:40,Rural,Stream,8.356164,17,1,3,TEF,Early,-0.552707135,-0.238845252,0.304155025,21.3,NA,NA,NA,NA,NA,NA,NA,NA,NA,NA,38400,38760,-0.36797905,1.836385207,-2.204364257,4.608714049,92,9.451327434
246,10TEF22,2022,left,IN,2758,N,6210295017,2251738.585,6.146,68.85,_B3_s4_leIN-1.tif,E2,37,NPY2R,29.93490982,30.15682983,0.313840956,A12,ACTB,21.2016964,21.2182312,0.023383746,2022,22-04-02,9:40,Rural,Stream,8.356164,17,1,3,TEF,Early,-0.552707135,-0.238845252,0.304155025,21.3,NA,NA,NA,NA,NA,NA,NA,NA,NA,NA,38400,38760,8.93859863,6.579880107,2.358718523,0.194964245,92,9.451327434
247,10TEF22,2022,left,PVN,1429,Y,1231096328,861508.977,1.218,68.117,_B3_s4_lePVN-1.tif,D8,37,NPY,20.79611206,20.85025215,0.076565653,A12,ACTB,21.2016964,21.2182312,0.023383746,2022,22-04-02,10:02,Rural,Stream,10.684932,11,0,2,TEF,Late,-1.104602571,-0.569700662,0.460543308,21.3,NA,NA,NA,NA,NA,NA,NA,NA,NA,NA,38400,38760,-0.36797905,1.836385207,-2.204364257,4.608714049,92,9.451327434
248,10TEF22,2022,left,PVN,1429,N,1231096328,861508.977,1.218,68.117,_B3_s4_lePVN-1.tif,E2,37,NPY5R,28.10886765,28.16038895,0.072863474,A12,ACTB,21.2016964,21.2182312,0.023383746,2022,22-04-02,9:40,Rural,Stream,8.356164,17,1,3,TEF,Early,-0.552707135,-0.238845252,0.304155025,21.3,NA,NA,NA,NA,NA,NA,NA,NA,NA,NA,38400,38760,6.94215775,2.893625639,4.048532111,0.060432477,92,9.451327434
249,10TEF22,2022,left,PVN,1429,N,1231096328,861508.977,1.218,68.117,_B3_s4_lePVN-1.tif,E2,37,NPY5R,28.10886765,28.16038895,0.072863474,A12,ACTB,21.2016964,21.2182312,0.023383746,2022,22-04-02,10:02,Rural,Stream,10.684932,11,0,2,TEF,Late,-1.104602571,-0.569700662,0.460543308,21.3,NA,NA,NA,NA,NA,NA,NA,NA,NA,NA,38400,38760,6.94215775,2.893625639,4.048532111,0.060432477,92,9.451327434
250,10TEF22,2022,left,PVN,1429,N,1231096328,861508.977,1.218,68.117,_B3_s4_lePVN-1.tif,E2,37,NPY2R,29.93490982,30.15682983,0.313840956,A12,ACTB,21.2016964,21.2182312,0.023383746,2022,22-04-02,10:02,Rural,Stream,10.684932,11,0,2,TEF,Late,-1.104602571,-0.569700662,0.460543308,21.3,NA,NA,NA,NA,NA,NA,NA,NA,NA,NA,38400,38760,8.93859863,6.579880107,2.358718523,0.194964245,92,9.451327434
251,10TEF22,2022,left,PVN,1429,N,1231096328,861508.977,1.218,68.117,_B3_s4_lePVN-1.tif,D8,37,NPY,20.79611206,20.85025215,0.076565653,A12,ACTB,21.2016964,21.2182312,0.023383746,2022,22-04-02,9:40,Rural,Stream,8.356164,17,1,3,TEF,Early,-0.552707135,-0.238845252,0.304155025,21.3,NA,NA,NA,NA,NA,NA,NA,NA,NA,NA,38400,38760,-0.36797905,1.836385207,-2.204364257,4.608714049,92,9.451327434
252,10TEF22,2022,left,PVN,1429,N,1231096328,861508.977,1.218,68.117,_B3_s4_lePVN-1.tif,E2,37,NPY2R,29.93490982,30.15682983,0.313840956,A12,ACTB,21.2016964,21.2182312,0.023383746,2022,22-04-02,9:40,Rural,Stream,8.356164,17,1,3,TEF,Early,-0.552707135,-0.238845252,0.304155025,21.3,NA,NA,NA,NA,NA,NA,NA,NA,NA,NA,38400,38760,8.93859863,6.579880107,2.358718523,0.194964245,92,9.451327434
253,10TEF22,2022,right,IN,1781,Y,3605293566,2024308.572,3.568,68.396,_B3_s4_right-1.tif,D8,37,NPY,20.79611206,20.85025215,0.076565653,A12,ACTB,21.2016964,21.2182312,0.023383746,2022,22-04-02,10:02,Rural,Stream,10.684932,11,0,2,TEF,Late,-1.104602571,-0.569700662,0.460543308,21.3,NA,NA,NA,NA,NA,NA,NA,NA,NA,NA,38400,38760,-0.36797905,1.836385207,-2.204364257,4.608714049,92,9.451327434
254,10TEF22,2022,right,IN,1781,N,3605293566,2024308.572,3.568,68.396,_B3_s4_right-1.tif,E2,37,NPY5R,28.10886765,28.16038895,0.072863474,A12,ACTB,21.2016964,21.2182312,0.023383746,2022,22-04-02,9:40,Rural,Stream,8.356164,17,1,3,TEF,Early,-0.552707135,-0.238845252,0.304155025,21.3,NA,NA,NA,NA,NA,NA,NA,NA,NA,NA,38400,38760,6.94215775,2.893625639,4.048532111,0.060432477,92,9.451327434
255,10TEF22,2022,right,IN,1781,N,3605293566,2024308.572,3.568,68.396,_B3_s4_right-1.tif,E2,37,NPY5R,28.10886765,28.16038895,0.072863474,A12,ACTB,21.2016964,21.2182312,0.023383746,2022,22-04-02,10:02,Rural,Stream,10.684932,11,0,2,TEF,Late,-1.104602571,-0.569700662,0.460543308,21.3,NA,NA,NA,NA,NA,NA,NA,NA,NA,NA,38400,38760,6.94215775,2.893625639,4.048532111,0.060432477,92,9.451327434
256,10TEF22,2022,right,IN,1781,N,3605293566,2024308.572,3.568,68.396,_B3_s4_right-1.tif,E2,37,NPY2R,29.93490982,30.15682983,0.313840956,A12,ACTB,21.2016964,21.2182312,0.023383746,2022,22-04-02,10:02,Rural,Stream,10.684932,11,0,2,TEF,Late,-1.104602571,-0.569700662,0.460543308,21.3,NA,NA,NA,NA,NA,NA,NA,NA,NA,NA,38400,38760,8.93859863,6.579880107,2.358718523,0.194964245,92,9.451327434
257,10TEF22,2022,right,IN,1781,N,3605293566,2024308.572,3.568,68.396,_B3_s4_right-1.tif,D8,37,NPY,20.79611206,20.85025215,0.076565653,A12,ACTB,21.2016964,21.2182312,0.023383746,2022,22-04-02,9:40,Rural,Stream,8.356164,17,1,3,TEF,Early,-0.552707135,-0.238845252,0.304155025,21.3,NA,NA,NA,NA,NA,NA,NA,NA,NA,NA,38400,38760,-0.36797905,1.836385207,-2.204364257,4.608714049,92,9.451327434
258,10TEF22,2022,right,IN,1781,N,3605293566,2024308.572,3.568,68.396,_B3_s4_right-1.tif,E2,37,NPY2R,29.93490982,30.15682983,0.313840956,A12,ACTB,21.2016964,21.2182312,0.023383746,2022,22-04-02,9:40,Rural,Stream,8.356164,17,1,3,TEF,Early,-0.552707135,-0.238845252,0.304155025,21.3,NA,NA,NA,NA,NA,NA,NA,NA,NA,NA,38400,38760,8.93859863,6.579880107,2.358718523,0.194964245,92,9.451327434
259,10TEF22,2022,right,PVN,1747,Y,1525534584,873231.016,1.51,68.675,_B3_s4_right-1.tif,D8,37,NPY,20.79611206,20.85025215,0.076565653,A12,ACTB,21.2016964,21.2182312,0.023383746,2022,22-04-02,10:02,Rural,Stream,10.684932,11,0,2,TEF,Late,-1.104602571,-0.569700662,0.460543308,21.3,NA,NA,NA,NA,NA,NA,NA,NA,NA,NA,38400,38760,-0.36797905,1.836385207,-2.204364257,4.608714049,92,9.451327434
260,10TEF22,2022,right,PVN,1747,N,1525534584,873231.016,1.51,68.675,_B3_s4_right-1.tif,E2,37,NPY5R,28.10886765,28.16038895,0.072863474,A12,ACTB,21.2016964,21.2182312,0.023383746,2022,22-04-02,9:40,Rural,Stream,8.356164,17,1,3,TEF,Early,-0.552707135,-0.238845252,0.304155025,21.3,NA,NA,NA,NA,NA,NA,NA,NA,NA,NA,38400,38760,6.94215775,2.893625639,4.048532111,0.060432477,92,9.451327434
261,10TEF22,2022,right,PVN,1747,N,1525534584,873231.016,1.51,68.675,_B3_s4_right-1.tif,E2,37,NPY5R,28.10886765,28.16038895,0.072863474,A12,ACTB,21.2016964,21.2182312,0.023383746,2022,22-04-02,10:02,Rural,Stream,10.684932,11,0,2,TEF,Late,-1.104602571,-0.569700662,0.460543308,21.3,NA,NA,NA,NA,NA,NA,NA,NA,NA,NA,38400,38760,6.94215775,2.893625639,4.048532111,0.060432477,92,9.451327434
262,10TEF22,2022,right,PVN,1747,N,1525534584,873231.016,1.51,68.675,_B3_s4_right-1.tif,E2,37,NPY2R,29.93490982,30.15682983,0.313840956,A12,ACTB,21.2016964,21.2182312,0.023383746,2022,22-04-02,10:02,Rural,Stream,10.684932,11,0,2,TEF,Late,-1.104602571,-0.569700662,0.460543308,21.3,NA,NA,NA,NA,NA,NA,NA,NA,NA,NA,38400,38760,8.93859863,6.579880107,2.358718523,0.194964245,92,9.451327434
263,10TEF22,2022,right,PVN,1747,N,1525534584,873231.016,1.51,68.675,_B3_s4_right-1.tif,D8,37,NPY,20.79611206,20.85025215,0.076565653,A12,ACTB,21.2016964,21.2182312,0.023383746,2022,22-04-02,9:40,Rural,Stream,8.356164,17,1,3,TEF,Early,-0.552707135,-0.238845252,0.304155025,21.3,NA,NA,NA,NA,NA,NA,NA,NA,NA,NA,38400,38760,-0.36797905,1.836385207,-2.204364257,4.608714049,92,9.451327434
264,10TEF22,2022,right,PVN,1747,N,1525534584,873231.016,1.51,68.675,_B3_s4_right-1.tif,E2,37,NPY2R,29.93490982,30.15682983,0.313840956,A12,ACTB,21.2016964,21.2182312,0.023383746,2022,22-04-02,9:40,Rural,Stream,8.356164,17,1,3,TEF,Early,-0.552707135,-0.238845252,0.304155025,21.3,NA,NA,NA,NA,NA,NA,NA,NA,NA,NA,38400,38760,8.93859863,6.579880107,2.358718523,0.194964245,92,9.451327434
265,11SJL22,2022,left,IN,2631,Y,3719680622,1413789.67,3.681,63.81,_B4_S4_left-1.tif,D12,43,NPY,21.85675812,21.77939415,0.109409176,G4,ACTB,20.60062218,20.59310913,0.010626401,2022,22-04-02,6:53,Urban,Radford,1.876712,14,9,17,SJL,Early,2.683703918,-0.29097692,0.507138812,20.6,1,5.06,22.6,5.34,6.48,8.09,21.19,65.65,67.95,35,2820,3300,1.18628502,1.836385207,-0.650100187,1.56927717,92,9.451327434
266,11SJL22,2022,left,IN,2631,N,3719680622,1413789.67,3.681,63.81,_B4_S4_left-1.tif,D2,43,NPY5R,27.53739166,27.52927399,0.011481476,G4,ACTB,20.60062218,20.59310913,0.010626401,2022,22-04-02,7:17,Urban,Radford,4.684932,30,0,4,SJL,Late,-0.067520551,0.624884822,0.325976969,20.6,1,5.06,22.6,5.34,6.48,8.09,21.19,65.65,67.95,35,2820,3300,6.93616486,2.893625639,4.042539221,0.060684033,92,9.451327434
267,11SJL22,2022,left,IN,2631,N,3719680622,1413789.67,3.681,63.81,_B4_S4_left-1.tif,D2,43,NPY2R,28.47095299,28.50591278,0.049440615,G4,ACTB,20.60062218,20.59310913,0.010626401,2022,22-04-02,7:17,Urban,Radford,4.684932,30,0,4,SJL,Late,-0.067520551,0.624884822,0.325976969,20.6,1,5.06,22.6,5.34,6.48,8.09,21.19,65.65,67.95,35,2820,3300,7.91280365,6.579880107,1.332923543,0.396963002,92,9.451327434
268,11SJL22,2022,left,IN,2631,N,3719680622,1413789.67,3.681,63.81,_B4_S4_left-1.tif,D2,43,NPY2R,28.47095299,28.50591278,0.049440615,G4,ACTB,20.60062218,20.59310913,0.010626401,2022,22-04-02,6:53,Urban,Radford,1.876712,14,9,17,SJL,Early,2.683703918,-0.29097692,0.507138812,20.6,1,5.06,22.6,5.34,6.48,8.09,21.19,65.65,67.95,35,2820,3300,7.91280365,6.579880107,1.332923543,0.396963002,92,9.451327434
269,11SJL22,2022,left,IN,2631,N,3719680622,1413789.67,3.681,63.81,_B4_S4_left-1.tif,D12,43,NPY,21.85675812,21.77939415,0.109409176,G4,ACTB,20.60062218,20.59310913,0.010626401,2022,22-04-02,7:17,Urban,Radford,4.684932,30,0,4,SJL,Late,-0.067520551,0.624884822,0.325976969,20.6,1,5.06,22.6,5.34,6.48,8.09,21.19,65.65,67.95,35,2820,3300,1.18628502,1.836385207,-0.650100187,1.56927717,92,9.451327434
270,11SJL22,2022,left,IN,2631,N,3719680622,1413789.67,3.681,63.81,_B4_S4_left-1.tif,D2,43,NPY5R,27.53739166,27.52927399,0.011481476,G4,ACTB,20.60062218,20.59310913,0.010626401,2022,22-04-02,6:53,Urban,Radford,1.876712,14,9,17,SJL,Early,2.683703918,-0.29097692,0.507138812,20.6,1,5.06,22.6,5.34,6.48,8.09,21.19,65.65,67.95,35,2820,3300,6.93616486,2.893625639,4.042539221,0.060684033,92,9.451327434
271,11SJL22,2022,left,IN,2631,N,3719680622,1413789.67,3.681,63.81,_B4_S4_left-1.tif,E10,43,NPY1R,23.63939476,23.71993065,0.113894947,G4,ACTB,20.60062218,20.59310913,0.010626401,2022,22-04-02,7:17,Urban,Radford,4.684932,30,0,4,SJL,Late,-0.067520551,0.624884822,0.325976969,20.6,1,5.06,22.6,5.34,6.48,8.09,21.19,65.65,67.95,35,2820,3300,3.12682152,5.140238897,-2.013417377,4.037374394,92,9.451327434
272,11SJL22,2022,left,IN,2631,N,3719680622,1413789.67,3.681,63.81,_B4_S4_left-1.tif,E10,43,NPY1R,23.63939476,23.71993065,0.113894947,G4,ACTB,20.60062218,20.59310913,0.010626401,2022,22-04-02,6:53,Urban,Radford,1.876712,14,9,17,SJL,Early,2.683703918,-0.29097692,0.507138812,20.6,1,5.06,22.6,5.34,6.48,8.09,21.19,65.65,67.95,35,2820,3300,3.12682152,5.140238897,-2.013417377,4.037374394,92,9.451327434
273,11SJL22,2022,left,PVN,2902,Y,4656898732,1604720.445,4.608,65.607,_B4_S4_left-1.tif,D12,43,NPY,21.85675812,21.77939415,0.109409176,G4,ACTB,20.60062218,20.59310913,0.010626401,2022,22-04-02,6:53,Urban,Radford,1.876712,14,9,17,SJL,Early,2.683703918,-0.29097692,0.507138812,20.6,1,5.06,22.6,5.34,6.48,8.09,21.19,65.65,67.95,35,2820,3300,1.18628502,1.836385207,-0.650100187,1.56927717,92,9.451327434
274,11SJL22,2022,left,PVN,2902,N,4656898732,1604720.445,4.608,65.607,_B4_S4_left-1.tif,D2,43,NPY5R,27.53739166,27.52927399,0.011481476,G4,ACTB,20.60062218,20.59310913,0.010626401,2022,22-04-02,7:17,Urban,Radford,4.684932,30,0,4,SJL,Late,-0.067520551,0.624884822,0.325976969,20.6,1,5.06,22.6,5.34,6.48,8.09,21.19,65.65,67.95,35,2820,3300,6.93616486,2.893625639,4.042539221,0.060684033,92,9.451327434
275,11SJL22,2022,left,PVN,2902,N,4656898732,1604720.445,4.608,65.607,_B4_S4_left-1.tif,D2,43,NPY2R,28.47095299,28.50591278,0.049440615,G4,ACTB,20.60062218,20.59310913,0.010626401,2022,22-04-02,7:17,Urban,Radford,4.684932,30,0,4,SJL,Late,-0.067520551,0.624884822,0.325976969,20.6,1,5.06,22.6,5.34,6.48,8.09,21.19,65.65,67.95,35,2820,3300,7.91280365,6.579880107,1.332923543,0.396963002,92,9.451327434
276,11SJL22,2022,left,PVN,2902,N,4656898732,1604720.445,4.608,65.607,_B4_S4_left-1.tif,D2,43,NPY2R,28.47095299,28.50591278,0.049440615,G4,ACTB,20.60062218,20.59310913,0.010626401,2022,22-04-02,6:53,Urban,Radford,1.876712,14,9,17,SJL,Early,2.683703918,-0.29097692,0.507138812,20.6,1,5.06,22.6,5.34,6.48,8.09,21.19,65.65,67.95,35,2820,3300,7.91280365,6.579880107,1.332923543,0.396963002,92,9.451327434
277,11SJL22,2022,left,PVN,2902,N,4656898732,1604720.445,4.608,65.607,_B4_S4_left-1.tif,D12,43,NPY,21.85675812,21.77939415,0.109409176,G4,ACTB,20.60062218,20.59310913,0.010626401,2022,22-04-02,7:17,Urban,Radford,4.684932,30,0,4,SJL,Late,-0.067520551,0.624884822,0.325976969,20.6,1,5.06,22.6,5.34,6.48,8.09,21.19,65.65,67.95,35,2820,3300,1.18628502,1.836385207,-0.650100187,1.56927717,92,9.451327434
278,11SJL22,2022,left,PVN,2902,N,4656898732,1604720.445,4.608,65.607,_B4_S4_left-1.tif,D2,43,NPY5R,27.53739166,27.52927399,0.011481476,G4,ACTB,20.60062218,20.59310913,0.010626401,2022,22-04-02,6:53,Urban,Radford,1.876712,14,9,17,SJL,Early,2.683703918,-0.29097692,0.507138812,20.6,1,5.06,22.6,5.34,6.48,8.09,21.19,65.65,67.95,35,2820,3300,6.93616486,2.893625639,4.042539221,0.060684033,92,9.451327434
279,11SJL22,2022,left,PVN,2902,N,4656898732,1604720.445,4.608,65.607,_B4_S4_left-1.tif,E10,43,NPY1R,23.63939476,23.71993065,0.113894947,G4,ACTB,20.60062218,20.59310913,0.010626401,2022,22-04-02,7:17,Urban,Radford,4.684932,30,0,4,SJL,Late,-0.067520551,0.624884822,0.325976969,20.6,1,5.06,22.6,5.34,6.48,8.09,21.19,65.65,67.95,35,2820,3300,3.12682152,5.140238897,-2.013417377,4.037374394,92,9.451327434
280,11SJL22,2022,left,PVN,2902,N,4656898732,1604720.445,4.608,65.607,_B4_S4_left-1.tif,E10,43,NPY1R,23.63939476,23.71993065,0.113894947,G4,ACTB,20.60062218,20.59310913,0.010626401,2022,22-04-02,6:53,Urban,Radford,1.876712,14,9,17,SJL,Early,2.683703918,-0.29097692,0.507138812,20.6,1,5.06,22.6,5.34,6.48,8.09,21.19,65.65,67.95,35,2820,3300,3.12682152,5.140238897,-2.013417377,4.037374394,92,9.451327434
281,11SJL22,2022,right,IN,2517,Y,3415651772,1357032.885,3.38,63.909,_B4_S4_right-1.tif,D12,43,NPY,21.85675812,21.77939415,0.109409176,G4,ACTB,20.60062218,20.59310913,0.010626401,2022,22-04-02,6:53,Urban,Radford,1.876712,14,9,17,SJL,Early,2.683703918,-0.29097692,0.507138812,20.6,1,5.06,22.6,5.34,6.48,8.09,21.19,65.65,67.95,35,2820,3300,1.18628502,1.836385207,-0.650100187,1.56927717,92,9.451327434
282,11SJL22,2022,right,IN,2517,N,3415651772,1357032.885,3.38,63.909,_B4_S4_right-1.tif,D2,43,NPY5R,27.53739166,27.52927399,0.011481476,G4,ACTB,20.60062218,20.59310913,0.010626401,2022,22-04-02,7:17,Urban,Radford,4.684932,30,0,4,SJL,Late,-0.067520551,0.624884822,0.325976969,20.6,1,5.06,22.6,5.34,6.48,8.09,21.19,65.65,67.95,35,2820,3300,6.93616486,2.893625639,4.042539221,0.060684033,92,9.451327434
283,11SJL22,2022,right,IN,2517,N,3415651772,1357032.885,3.38,63.909,_B4_S4_right-1.tif,D2,43,NPY2R,28.47095299,28.50591278,0.049440615,G4,ACTB,20.60062218,20.59310913,0.010626401,2022,22-04-02,7:17,Urban,Radford,4.684932,30,0,4,SJL,Late,-0.067520551,0.624884822,0.325976969,20.6,1,5.06,22.6,5.34,6.48,8.09,21.19,65.65,67.95,35,2820,3300,7.91280365,6.579880107,1.332923543,0.396963002,92,9.451327434
284,11SJL22,2022,right,IN,2517,N,3415651772,1357032.885,3.38,63.909,_B4_S4_right-1.tif,D2,43,NPY2R,28.47095299,28.50591278,0.049440615,G4,ACTB,20.60062218,20.59310913,0.010626401,2022,22-04-02,6:53,Urban,Radford,1.876712,14,9,17,SJL,Early,2.683703918,-0.29097692,0.507138812,20.6,1,5.06,22.6,5.34,6.48,8.09,21.19,65.65,67.95,35,2820,3300,7.91280365,6.579880107,1.332923543,0.396963002,92,9.451327434
285,11SJL22,2022,right,IN,2517,N,3415651772,1357032.885,3.38,63.909,_B4_S4_right-1.tif,D12,43,NPY,21.85675812,21.77939415,0.109409176,G4,ACTB,20.60062218,20.59310913,0.010626401,2022,22-04-02,7:17,Urban,Radford,4.684932,30,0,4,SJL,Late,-0.067520551,0.624884822,0.325976969,20.6,1,5.06,22.6,5.34,6.48,8.09,21.19,65.65,67.95,35,2820,3300,1.18628502,1.836385207,-0.650100187,1.56927717,92,9.451327434
286,11SJL22,2022,right,IN,2517,N,3415651772,1357032.885,3.38,63.909,_B4_S4_right-1.tif,D2,43,NPY5R,27.53739166,27.52927399,0.011481476,G4,ACTB,20.60062218,20.59310913,0.010626401,2022,22-04-02,6:53,Urban,Radford,1.876712,14,9,17,SJL,Early,2.683703918,-0.29097692,0.507138812,20.6,1,5.06,22.6,5.34,6.48,8.09,21.19,65.65,67.95,35,2820,3300,6.93616486,2.893625639,4.042539221,0.060684033,92,9.451327434
287,11SJL22,2022,right,IN,2517,N,3415651772,1357032.885,3.38,63.909,_B4_S4_right-1.tif,E10,43,NPY1R,23.63939476,23.71993065,0.113894947,G4,ACTB,20.60062218,20.59310913,0.010626401,2022,22-04-02,7:17,Urban,Radford,4.684932,30,0,4,SJL,Late,-0.067520551,0.624884822,0.325976969,20.6,1,5.06,22.6,5.34,6.48,8.09,21.19,65.65,67.95,35,2820,3300,3.12682152,5.140238897,-2.013417377,4.037374394,92,9.451327434
288,11SJL22,2022,right,IN,2517,N,3415651772,1357032.885,3.38,63.909,_B4_S4_right-1.tif,E10,43,NPY1R,23.63939476,23.71993065,0.113894947,G4,ACTB,20.60062218,20.59310913,0.010626401,2022,22-04-02,6:53,Urban,Radford,1.876712,14,9,17,SJL,Early,2.683703918,-0.29097692,0.507138812,20.6,1,5.06,22.6,5.34,6.48,8.09,21.19,65.65,67.95,35,2820,3300,3.12682152,5.140238897,-2.013417377,4.037374394,92,9.451327434
289,11SJL22,2022,right,PVN,2804,Y,4469987151,1594146.63,4.423,65.53,_B4_S4_right-1.tif,D12,43,NPY,21.85675812,21.77939415,0.109409176,G4,ACTB,20.60062218,20.59310913,0.010626401,2022,22-04-02,6:53,Urban,Radford,1.876712,14,9,17,SJL,Early,2.683703918,-0.29097692,0.507138812,20.6,1,5.06,22.6,5.34,6.48,8.09,21.19,65.65,67.95,35,2820,3300,1.18628502,1.836385207,-0.650100187,1.56927717,92,9.451327434
290,11SJL22,2022,right,PVN,2804,N,4469987151,1594146.63,4.423,65.53,_B4_S4_right-1.tif,D2,43,NPY5R,27.53739166,27.52927399,0.011481476,G4,ACTB,20.60062218,20.59310913,0.010626401,2022,22-04-02,7:17,Urban,Radford,4.684932,30,0,4,SJL,Late,-0.067520551,0.624884822,0.325976969,20.6,1,5.06,22.6,5.34,6.48,8.09,21.19,65.65,67.95,35,2820,3300,6.93616486,2.893625639,4.042539221,0.060684033,92,9.451327434
291,11SJL22,2022,right,PVN,2804,N,4469987151,1594146.63,4.423,65.53,_B4_S4_right-1.tif,D2,43,NPY2R,28.47095299,28.50591278,0.049440615,G4,ACTB,20.60062218,20.59310913,0.010626401,2022,22-04-02,7:17,Urban,Radford,4.684932,30,0,4,SJL,Late,-0.067520551,0.624884822,0.325976969,20.6,1,5.06,22.6,5.34,6.48,8.09,21.19,65.65,67.95,35,2820,3300,7.91280365,6.579880107,1.332923543,0.396963002,92,9.451327434
292,11SJL22,2022,right,PVN,2804,N,4469987151,1594146.63,4.423,65.53,_B4_S4_right-1.tif,D2,43,NPY2R,28.47095299,28.50591278,0.049440615,G4,ACTB,20.60062218,20.59310913,0.010626401,2022,22-04-02,6:53,Urban,Radford,1.876712,14,9,17,SJL,Early,2.683703918,-0.29097692,0.507138812,20.6,1,5.06,22.6,5.34,6.48,8.09,21.19,65.65,67.95,35,2820,3300,7.91280365,6.579880107,1.332923543,0.396963002,92,9.451327434
293,11SJL22,2022,right,PVN,2804,N,4469987151,1594146.63,4.423,65.53,_B4_S4_right-1.tif,D12,43,NPY,21.85675812,21.77939415,0.109409176,G4,ACTB,20.60062218,20.59310913,0.010626401,2022,22-04-02,7:17,Urban,Radford,4.684932,30,0,4,SJL,Late,-0.067520551,0.624884822,0.325976969,20.6,1,5.06,22.6,5.34,6.48,8.09,21.19,65.65,67.95,35,2820,3300,1.18628502,1.836385207,-0.650100187,1.56927717,92,9.451327434
294,11SJL22,2022,right,PVN,2804,N,4469987151,1594146.63,4.423,65.53,_B4_S4_right-1.tif,D2,43,NPY5R,27.53739166,27.52927399,0.011481476,G4,ACTB,20.60062218,20.59310913,0.010626401,2022,22-04-02,6:53,Urban,Radford,1.876712,14,9,17,SJL,Early,2.683703918,-0.29097692,0.507138812,20.6,1,5.06,22.6,5.34,6.48,8.09,21.19,65.65,67.95,35,2820,3300,6.93616486,2.893625639,4.042539221,0.060684033,92,9.451327434
295,11SJL22,2022,right,PVN,2804,N,4469987151,1594146.63,4.423,65.53,_B4_S4_right-1.tif,E10,43,NPY1R,23.63939476,23.71993065,0.113894947,G4,ACTB,20.60062218,20.59310913,0.010626401,2022,22-04-02,7:17,Urban,Radford,4.684932,30,0,4,SJL,Late,-0.067520551,0.624884822,0.325976969,20.6,1,5.06,22.6,5.34,6.48,8.09,21.19,65.65,67.95,35,2820,3300,3.12682152,5.140238897,-2.013417377,4.037374394,92,9.451327434
296,11SJL22,2022,right,PVN,2804,N,4469987151,1594146.63,4.423,65.53,_B4_S4_right-1.tif,E10,43,NPY1R,23.63939476,23.71993065,0.113894947,G4,ACTB,20.60062218,20.59310913,0.010626401,2022,22-04-02,6:53,Urban,Radford,1.876712,14,9,17,SJL,Early,2.683703918,-0.29097692,0.507138812,20.6,1,5.06,22.6,5.34,6.48,8.09,21.19,65.65,67.95,35,2820,3300,3.12682152,5.140238897,-2.013417377,4.037374394,92,9.451327434
297,SOSP02,2021,left,IN,1823,Y,1222415793,670551.724,1.21,71.003,_A3_S5_left-1.tif,A2,2,NPY,21.88918114,21.91082382,0.030608727,D6,ACTB,19.5336647,19.56471634,0.043914992,2021,21-03-13,7:15,Urban,NVT,NA,NA,NA,NA,NA,NA,NA,NA,NA,NA,NA,NA,NA,NA,NA,NA,NA,NA,NA,NA,NA,7:24,2.34610748,1.836385207,0.509722273,0.702357633,72,-10.54867257
298,SOSP02,2021,left,IN,1823,N,1222415793,670551.724,1.21,71.003,_A3_S5_left-1.tif,C10,2,NPY5R,18.96109581,19.04442978,0.117853381,D6,ACTB,19.5336647,19.56471634,0.043914992,2021,21-03-13,7:15,Urban,NVT,NA,NA,NA,NA,NA,NA,NA,NA,NA,NA,NA,NA,NA,NA,NA,NA,NA,NA,NA,NA,NA,7:24,-0.52028656,2.893625639,-3.413912199,10.65834992,72,-10.54867257
299,SOSP02,2021,left,IN,1823,N,1222415793,670551.724,1.21,71.003,_A3_S5_left-1.tif,C12,2,NPY1R,24.94029999,24.85082245,0.126540348,D6,ACTB,19.5336647,19.56471634,0.043914992,2021,21-03-13,7:15,Urban,NVT,NA,NA,NA,NA,NA,NA,NA,NA,NA,NA,NA,NA,NA,NA,NA,NA,NA,NA,NA,NA,NA,7:24,5.28610611,5.140238897,0.145867213,0.903835913,72,-10.54867257
300,SOSP02,2021,left,IN,1823,N,1222415793,670551.724,1.21,71.003,_A3_S5_left-1.tif,C4,2,NPY2R,25.43444252,25.41711044,0.02450991,D6,ACTB,19.5336647,19.56471634,0.043914992,2021,21-03-13,7:15,Urban,NVT,NA,NA,NA,NA,NA,NA,NA,NA,NA,NA,NA,NA,NA,NA,NA,NA,NA,NA,NA,NA,NA,7:24,5.8523941,6.579880107,-0.727486007,1.655751319,72,-10.54867257
301,SOSP03,2021,right,PVN,2214,Y,3602563357,1627174.054,3.565,70.102,_A2_S4_right-1.tif,A12,3,NPY,20.10489464,20.12520981,0.028728642,F12,ACTB,18.15014839,18.19657898,0.065662764,2021,21-03-13,8:08,Urban,SVT,NA,NA,NA,NA,NA,NA,NA,NA,NA,NA,NA,NA,NA,NA,NA,NA,NA,NA,NA,NA,NA,8:15,1.92863083,1.836385207,0.092245623,0.938061475,72,-10.54867257
302,SOSP03,2021,right,PVN,2214,N,3602563357,1627174.054,3.565,70.102,_A2_S4_right-1.tif,C12,3,NPY5R,18.76341248,18.72681046,0.051761724,F12,ACTB,18.15014839,18.19657898,0.065662764,2021,21-03-13,8:08,Urban,SVT,NA,NA,NA,NA,NA,NA,NA,NA,NA,NA,NA,NA,NA,NA,NA,NA,NA,NA,NA,NA,NA,8:15,0.53023148,2.893625639,-2.363394159,5.145795626,72,-10.54867257
303,SOSP03,2021,right,PVN,2214,N,3602563357,1627174.054,3.565,70.102,_A2_S4_right-1.tif,C2,3,NPY2R,26.266922,26.40904617,0.200992584,F12,ACTB,18.15014839,18.19657898,0.065662764,2021,21-03-13,8:08,Urban,SVT,NA,NA,NA,NA,NA,NA,NA,NA,NA,NA,NA,NA,NA,NA,NA,NA,NA,NA,NA,NA,NA,8:15,8.21246719,6.579880107,1.632587083,0.322509356,72,-10.54867257
304,SOSP03,2021,right,PVN,2214,N,3602563357,1627174.054,3.565,70.102,_A2_S4_right-1.tif,D2,3,NPY1R,24.51590157,24.58003426,0.090697318,F12,ACTB,18.15014839,18.19657898,0.065662764,2021,21-03-13,8:08,Urban,SVT,NA,NA,NA,NA,NA,NA,NA,NA,NA,NA,NA,NA,NA,NA,NA,NA,NA,NA,NA,NA,NA,8:15,6.38345528,5.140238897,1.243216383,0.422429829,72,-10.54867257
305,SOSP03,2021,left,IN,2079,Y,3229300210,1553294.954,3.196,69.484,_A2_S4_left-1.tif,A12,3,NPY,20.10489464,20.12520981,0.028728642,F12,ACTB,18.15014839,18.19657898,0.065662764,2021,21-03-13,8:08,Urban,SVT,NA,NA,NA,NA,NA,NA,NA,NA,NA,NA,NA,NA,NA,NA,NA,NA,NA,NA,NA,NA,NA,8:15,1.92863083,1.836385207,0.092245623,0.938061475,72,-10.54867257
306,SOSP03,2021,left,IN,2079,N,3229300210,1553294.954,3.196,69.484,_A2_S4_left-1.tif,C12,3,NPY5R,18.76341248,18.72681046,0.051761724,F12,ACTB,18.15014839,18.19657898,0.065662764,2021,21-03-13,8:08,Urban,SVT,NA,NA,NA,NA,NA,NA,NA,NA,NA,NA,NA,NA,NA,NA,NA,NA,NA,NA,NA,NA,NA,8:15,0.53023148,2.893625639,-2.363394159,5.145795626,72,-10.54867257
307,SOSP03,2021,left,IN,2079,N,3229300210,1553294.954,3.196,69.484,_A2_S4_left-1.tif,C2,3,NPY2R,26.266922,26.40904617,0.200992584,F12,ACTB,18.15014839,18.19657898,0.065662764,2021,21-03-13,8:08,Urban,SVT,NA,NA,NA,NA,NA,NA,NA,NA,NA,NA,NA,NA,NA,NA,NA,NA,NA,NA,NA,NA,NA,8:15,8.21246719,6.579880107,1.632587083,0.322509356,72,-10.54867257
308,SOSP03,2021,left,IN,2079,N,3229300210,1553294.954,3.196,69.484,_A2_S4_left-1.tif,D2,3,NPY1R,24.51590157,24.58003426,0.090697318,F12,ACTB,18.15014839,18.19657898,0.065662764,2021,21-03-13,8:08,Urban,SVT,NA,NA,NA,NA,NA,NA,NA,NA,NA,NA,NA,NA,NA,NA,NA,NA,NA,NA,NA,NA,NA,8:15,6.38345528,5.140238897,1.243216383,0.422429829,72,-10.54867257
309,SOSP03,2021,left,PVN,1390,Y,1503973254,1081995.147,1.488,70.929,_A2_S4_left-1.tif,A12,3,NPY,20.10489464,20.12520981,0.028728642,F12,ACTB,18.15014839,18.19657898,0.065662764,2021,21-03-13,8:08,Urban,SVT,NA,NA,NA,NA,NA,NA,NA,NA,NA,NA,NA,NA,NA,NA,NA,NA,NA,NA,NA,NA,NA,8:15,1.92863083,1.836385207,0.092245623,0.938061475,72,-10.54867257
310,SOSP03,2021,left,PVN,1390,N,1503973254,1081995.147,1.488,70.929,_A2_S4_left-1.tif,C12,3,NPY5R,18.76341248,18.72681046,0.051761724,F12,ACTB,18.15014839,18.19657898,0.065662764,2021,21-03-13,8:08,Urban,SVT,NA,NA,NA,NA,NA,NA,NA,NA,NA,NA,NA,NA,NA,NA,NA,NA,NA,NA,NA,NA,NA,8:15,0.53023148,2.893625639,-2.363394159,5.145795626,72,-10.54867257
311,SOSP03,2021,left,PVN,1390,N,1503973254,1081995.147,1.488,70.929,_A2_S4_left-1.tif,C2,3,NPY2R,26.266922,26.40904617,0.200992584,F12,ACTB,18.15014839,18.19657898,0.065662764,2021,21-03-13,8:08,Urban,SVT,NA,NA,NA,NA,NA,NA,NA,NA,NA,NA,NA,NA,NA,NA,NA,NA,NA,NA,NA,NA,NA,8:15,8.21246719,6.579880107,1.632587083,0.322509356,72,-10.54867257
312,SOSP03,2021,left,PVN,1390,N,1503973254,1081995.147,1.488,70.929,_A2_S4_left-1.tif,D2,3,NPY1R,24.51590157,24.58003426,0.090697318,F12,ACTB,18.15014839,18.19657898,0.065662764,2021,21-03-13,8:08,Urban,SVT,NA,NA,NA,NA,NA,NA,NA,NA,NA,NA,NA,NA,NA,NA,NA,NA,NA,NA,NA,NA,NA,8:15,6.38345528,5.140238897,1.243216383,0.422429829,72,-10.54867257
313,SOSP06,2021,left,IN,4711,Y,8179377112,1736229.487,8.094,67.585,_B3_s5_leIN-1.tif,B8,6,NPY2R,26.08753777,26.03976059,0.067567132,C10,ACTB,20.74203682,20.83722305,0.134613663,2021,21-03-14,7:54,Rural,Stream,NA,NA,NA,NA,NA,NA,NA,NA,NA,NA,NA,NA,NA,NA,NA,NA,NA,NA,NA,3,7:57,8:00,5.20253754,6.579880107,-1.377342567,2.597894001,73,-9.548672566
314,SOSP06,2021,left,IN,4711,N,8179377112,1736229.487,8.094,67.585,_B3_s5_leIN-1.tif,B6,6,NPY,22.52500725,22.54304886,0.025516039,C10,ACTB,20.74203682,20.83722305,0.134613663,2021,21-03-14,7:54,Rural,Stream,NA,NA,NA,NA,NA,NA,NA,NA,NA,NA,NA,NA,NA,NA,NA,NA,NA,NA,NA,3,7:57,8:00,1.70582581,1.836385207,-0.130559397,1.09471809,73,-9.548672566
315,SOSP06,2021,left,IN,4711,N,8179377112,1736229.487,8.094,67.585,_B3_s5_leIN-1.tif,D8,6,NPY1R,25.37918472,25.25598145,0.174235746,C10,ACTB,20.74203682,20.83722305,0.134613663,2021,21-03-14,7:54,Rural,Stream,NA,NA,NA,NA,NA,NA,NA,NA,NA,NA,NA,NA,NA,NA,NA,NA,NA,NA,NA,3,7:57,8:00,4.4187584,5.140238897,-0.721480497,1.648873244,73,-9.548672566
316,SOSP06,2021,left,IN,4711,N,8179377112,1736229.487,8.094,67.585,_B3_s5_leIN-1.tif,D6,6,NPY5R,19.9464035,19.98011589,0.047676515,C10,ACTB,20.74203682,20.83722305,0.134613663,2021,21-03-14,7:54,Rural,Stream,NA,NA,NA,NA,NA,NA,NA,NA,NA,NA,NA,NA,NA,NA,NA,NA,NA,NA,NA,3,7:57,8:00,-0.85710716,2.893625639,-3.750732799,13.46117835,73,-9.548672566
317,SOSP06,2021,right,IN,4537,Y,7016815051,1546575.942,6.944,68.032,_B3_s5_right-1.tif,B8,6,NPY2R,26.08753777,26.03976059,0.067567132,C10,ACTB,20.74203682,20.83722305,0.134613663,2021,21-03-14,7:54,Rural,Stream,NA,NA,NA,NA,NA,NA,NA,NA,NA,NA,NA,NA,NA,NA,NA,NA,NA,NA,NA,3,7:57,8:00,5.20253754,6.579880107,-1.377342567,2.597894001,73,-9.548672566
318,SOSP06,2021,right,IN,4537,N,7016815051,1546575.942,6.944,68.032,_B3_s5_right-1.tif,B6,6,NPY,22.52500725,22.54304886,0.025516039,C10,ACTB,20.74203682,20.83722305,0.134613663,2021,21-03-14,7:54,Rural,Stream,NA,NA,NA,NA,NA,NA,NA,NA,NA,NA,NA,NA,NA,NA,NA,NA,NA,NA,NA,3,7:57,8:00,1.70582581,1.836385207,-0.130559397,1.09471809,73,-9.548672566
319,SOSP06,2021,right,IN,4537,N,7016815051,1546575.942,6.944,68.032,_B3_s5_right-1.tif,D8,6,NPY1R,25.37918472,25.25598145,0.174235746,C10,ACTB,20.74203682,20.83722305,0.134613663,2021,21-03-14,7:54,Rural,Stream,NA,NA,NA,NA,NA,NA,NA,NA,NA,NA,NA,NA,NA,NA,NA,NA,NA,NA,NA,3,7:57,8:00,4.4187584,5.140238897,-0.721480497,1.648873244,73,-9.548672566
320,SOSP06,2021,right,IN,4537,N,7016815051,1546575.942,6.944,68.032,_B3_s5_right-1.tif,D6,6,NPY5R,19.9464035,19.98011589,0.047676515,C10,ACTB,20.74203682,20.83722305,0.134613663,2021,21-03-14,7:54,Rural,Stream,NA,NA,NA,NA,NA,NA,NA,NA,NA,NA,NA,NA,NA,NA,NA,NA,NA,NA,NA,3,7:57,8:00,-0.85710716,2.893625639,-3.750732799,13.46117835,73,-9.548672566
321,SOSP06,2021,left,PVN,2411,Y,7436911060,3084575.305,7.359,68.208,_B3_s5_lePVN-1.tif,B8,6,NPY2R,26.08753777,26.03976059,0.067567132,C10,ACTB,20.74203682,20.83722305,0.134613663,2021,21-03-14,7:54,Rural,Stream,NA,NA,NA,NA,NA,NA,NA,NA,NA,NA,NA,NA,NA,NA,NA,NA,NA,NA,NA,3,7:57,8:00,5.20253754,6.579880107,-1.377342567,2.597894001,73,-9.548672566
322,SOSP06,2021,left,PVN,2411,N,7436911060,3084575.305,7.359,68.208,_B3_s5_lePVN-1.tif,B6,6,NPY,22.52500725,22.54304886,0.025516039,C10,ACTB,20.74203682,20.83722305,0.134613663,2021,21-03-14,7:54,Rural,Stream,NA,NA,NA,NA,NA,NA,NA,NA,NA,NA,NA,NA,NA,NA,NA,NA,NA,NA,NA,3,7:57,8:00,1.70582581,1.836385207,-0.130559397,1.09471809,73,-9.548672566
323,SOSP06,2021,left,PVN,2411,N,7436911060,3084575.305,7.359,68.208,_B3_s5_lePVN-1.tif,D8,6,NPY1R,25.37918472,25.25598145,0.174235746,C10,ACTB,20.74203682,20.83722305,0.134613663,2021,21-03-14,7:54,Rural,Stream,NA,NA,NA,NA,NA,NA,NA,NA,NA,NA,NA,NA,NA,NA,NA,NA,NA,NA,NA,3,7:57,8:00,4.4187584,5.140238897,-0.721480497,1.648873244,73,-9.548672566
324,SOSP06,2021,left,PVN,2411,N,7436911060,3084575.305,7.359,68.208,_B3_s5_lePVN-1.tif,D6,6,NPY5R,19.9464035,19.98011589,0.047676515,C10,ACTB,20.74203682,20.83722305,0.134613663,2021,21-03-14,7:54,Rural,Stream,NA,NA,NA,NA,NA,NA,NA,NA,NA,NA,NA,NA,NA,NA,NA,NA,NA,NA,NA,3,7:57,8:00,-0.85710716,2.893625639,-3.750732799,13.46117835,73,-9.548672566
325,SOSP06,2021,right,PVN,2524,Y,3117433283,1235116.198,3.085,66.876,_B3_s5_right-1.tif,B8,6,NPY2R,26.08753777,26.03976059,0.067567132,C10,ACTB,20.74203682,20.83722305,0.134613663,2021,21-03-14,7:54,Rural,Stream,NA,NA,NA,NA,NA,NA,NA,NA,NA,NA,NA,NA,NA,NA,NA,NA,NA,NA,NA,3,7:57,8:00,5.20253754,6.579880107,-1.377342567,2.597894001,73,-9.548672566
326,SOSP06,2021,right,PVN,2524,N,3117433283,1235116.198,3.085,66.876,_B3_s5_right-1.tif,B6,6,NPY,22.52500725,22.54304886,0.025516039,C10,ACTB,20.74203682,20.83722305,0.134613663,2021,21-03-14,7:54,Rural,Stream,NA,NA,NA,NA,NA,NA,NA,NA,NA,NA,NA,NA,NA,NA,NA,NA,NA,NA,NA,3,7:57,8:00,1.70582581,1.836385207,-0.130559397,1.09471809,73,-9.548672566
327,SOSP06,2021,right,PVN,2524,N,3117433283,1235116.198,3.085,66.876,_B3_s5_right-1.tif,D8,6,NPY1R,25.37918472,25.25598145,0.174235746,C10,ACTB,20.74203682,20.83722305,0.134613663,2021,21-03-14,7:54,Rural,Stream,NA,NA,NA,NA,NA,NA,NA,NA,NA,NA,NA,NA,NA,NA,NA,NA,NA,NA,NA,3,7:57,8:00,4.4187584,5.140238897,-0.721480497,1.648873244,73,-9.548672566
328,SOSP06,2021,right,PVN,2524,N,3117433283,1235116.198,3.085,66.876,_B3_s5_right-1.tif,D6,6,NPY5R,19.9464035,19.98011589,0.047676515,C10,ACTB,20.74203682,20.83722305,0.134613663,2021,21-03-14,7:54,Rural,Stream,NA,NA,NA,NA,NA,NA,NA,NA,NA,NA,NA,NA,NA,NA,NA,NA,NA,NA,NA,3,7:57,8:00,-0.85710716,2.893625639,-3.750732799,13.46117835,73,-9.548672566
329,SOSP07,2021,left,IN,2862,Y,10190601854,3560657.531,10.084,67.528,_B4_left-1.tif,B6,7,NPY2R,25.14644432,25.20046425,0.076395713,C8,ACTB,20.55706406,20.62692261,0.098794907,2021,21-03-14,8:07,Rural,Stream,NA,NA,NA,NA,NA,NA,NA,NA,NA,NA,NA,NA,NA,NA,NA,NA,NA,NA,NA,3,8:10,8:17,4.57354164,6.579880107,-2.006338467,4.017612625,73,-9.548672566
330,SOSP07,2021,left,IN,2862,N,10190601854,3560657.531,10.084,67.528,_B4_left-1.tif,D8,7,NPY5R,19.94502449,19.93487167,0.0143596,C8,ACTB,20.55706406,20.62692261,0.098794907,2021,21-03-14,8:07,Rural,Stream,NA,NA,NA,NA,NA,NA,NA,NA,NA,NA,NA,NA,NA,NA,NA,NA,NA,NA,NA,3,8:10,8:17,-0.69205094,2.893625639,-3.585676579,12.00594101,73,-9.548672566
331,SOSP07,2021,left,IN,2862,N,10190601854,3560657.531,10.084,67.528,_B4_left-1.tif,D10,7,NPY1R,24.68883896,24.69216537,0.004705611,C8,ACTB,20.55706406,20.62692261,0.098794907,2021,21-03-14,8:07,Rural,Stream,NA,NA,NA,NA,NA,NA,NA,NA,NA,NA,NA,NA,NA,NA,NA,NA,NA,NA,NA,3,8:10,8:17,4.06524276,5.140238897,-1.074996137,2.106716431,73,-9.548672566
332,SOSP07,2021,left,IN,2862,N,10190601854,3560657.531,10.084,67.528,_B4_left-1.tif,B8,7,NPY,21.45040131,21.44886017,0.002178149,C8,ACTB,20.55706406,20.62692261,0.098794907,2021,21-03-14,8:07,Rural,Stream,NA,NA,NA,NA,NA,NA,NA,NA,NA,NA,NA,NA,NA,NA,NA,NA,NA,NA,NA,3,8:10,8:17,0.82193756,1.836385207,-1.014447647,2.020129315,73,-9.548672566
333,SOSP07,2021,right,IN,2478,Y,9792137106,3951629.179,9.69,67.457,_B24_S5_right-1.tif,B6,7,NPY2R,25.14644432,25.20046425,0.076395713,C8,ACTB,20.55706406,20.62692261,0.098794907,2021,21-03-14,8:07,Rural,Stream,NA,NA,NA,NA,NA,NA,NA,NA,NA,NA,NA,NA,NA,NA,NA,NA,NA,NA,NA,3,8:10,8:17,4.57354164,6.579880107,-2.006338467,4.017612625,73,-9.548672566
334,SOSP07,2021,right,IN,2478,N,9792137106,3951629.179,9.69,67.457,_B24_S5_right-1.tif,D8,7,NPY5R,19.94502449,19.93487167,0.0143596,C8,ACTB,20.55706406,20.62692261,0.098794907,2021,21-03-14,8:07,Rural,Stream,NA,NA,NA,NA,NA,NA,NA,NA,NA,NA,NA,NA,NA,NA,NA,NA,NA,NA,NA,3,8:10,8:17,-0.69205094,2.893625639,-3.585676579,12.00594101,73,-9.548672566
335,SOSP07,2021,right,IN,2478,N,9792137106,3951629.179,9.69,67.457,_B24_S5_right-1.tif,D10,7,NPY1R,24.68883896,24.69216537,0.004705611,C8,ACTB,20.55706406,20.62692261,0.098794907,2021,21-03-14,8:07,Rural,Stream,NA,NA,NA,NA,NA,NA,NA,NA,NA,NA,NA,NA,NA,NA,NA,NA,NA,NA,NA,3,8:10,8:17,4.06524276,5.140238897,-1.074996137,2.106716431,73,-9.548672566
336,SOSP07,2021,right,IN,2478,N,9792137106,3951629.179,9.69,67.457,_B24_S5_right-1.tif,B8,7,NPY,21.45040131,21.44886017,0.002178149,C8,ACTB,20.55706406,20.62692261,0.098794907,2021,21-03-14,8:07,Rural,Stream,NA,NA,NA,NA,NA,NA,NA,NA,NA,NA,NA,NA,NA,NA,NA,NA,NA,NA,NA,3,8:10,8:17,0.82193756,1.836385207,-1.014447647,2.020129315,73,-9.548672566
337,SOSP07,2021,right,PVN,4204,Y,11455860256,2724990.546,11.337,65.99,_B4_S5_right -1.tif,B6,7,NPY2R,25.14644432,25.20046425,0.076395713,C8,ACTB,20.55706406,20.62692261,0.098794907,2021,21-03-14,8:07,Rural,Stream,NA,NA,NA,NA,NA,NA,NA,NA,NA,NA,NA,NA,NA,NA,NA,NA,NA,NA,NA,3,8:10,8:17,4.57354164,6.579880107,-2.006338467,4.017612625,73,-9.548672566
338,SOSP07,2021,right,PVN,4204,N,11455860256,2724990.546,11.337,65.99,_B4_S5_right -1.tif,D8,7,NPY5R,19.94502449,19.93487167,0.0143596,C8,ACTB,20.55706406,20.62692261,0.098794907,2021,21-03-14,8:07,Rural,Stream,NA,NA,NA,NA,NA,NA,NA,NA,NA,NA,NA,NA,NA,NA,NA,NA,NA,NA,NA,3,8:10,8:17,-0.69205094,2.893625639,-3.585676579,12.00594101,73,-9.548672566
339,SOSP07,2021,right,PVN,4204,N,11455860256,2724990.546,11.337,65.99,_B4_S5_right -1.tif,D10,7,NPY1R,24.68883896,24.69216537,0.004705611,C8,ACTB,20.55706406,20.62692261,0.098794907,2021,21-03-14,8:07,Rural,Stream,NA,NA,NA,NA,NA,NA,NA,NA,NA,NA,NA,NA,NA,NA,NA,NA,NA,NA,NA,3,8:10,8:17,4.06524276,5.140238897,-1.074996137,2.106716431,73,-9.548672566
340,SOSP07,2021,right,PVN,4204,N,11455860256,2724990.546,11.337,65.99,_B4_S5_right -1.tif,B8,7,NPY,21.45040131,21.44886017,0.002178149,C8,ACTB,20.55706406,20.62692261,0.098794907,2021,21-03-14,8:07,Rural,Stream,NA,NA,NA,NA,NA,NA,NA,NA,NA,NA,NA,NA,NA,NA,NA,NA,NA,NA,NA,3,8:10,8:17,0.82193756,1.836385207,-1.014447647,2.020129315,73,-9.548672566
341,SOSP07,2021,left,PVN,4036,Y,14075842682,3487572.518,13.929,64.408,_B4_S5_left -1.tif,B6,7,NPY2R,25.14644432,25.20046425,0.076395713,C8,ACTB,20.55706406,20.62692261,0.098794907,2021,21-03-14,8:07,Rural,Stream,NA,NA,NA,NA,NA,NA,NA,NA,NA,NA,NA,NA,NA,NA,NA,NA,NA,NA,NA,3,8:10,8:17,4.57354164,6.579880107,-2.006338467,4.017612625,73,-9.548672566
342,SOSP07,2021,left,PVN,4036,N,14075842682,3487572.518,13.929,64.408,_B4_S5_left -1.tif,D8,7,NPY5R,19.94502449,19.93487167,0.0143596,C8,ACTB,20.55706406,20.62692261,0.098794907,2021,21-03-14,8:07,Rural,Stream,NA,NA,NA,NA,NA,NA,NA,NA,NA,NA,NA,NA,NA,NA,NA,NA,NA,NA,NA,3,8:10,8:17,-0.69205094,2.893625639,-3.585676579,12.00594101,73,-9.548672566
343,SOSP07,2021,left,PVN,4036,N,14075842682,3487572.518,13.929,64.408,_B4_S5_left -1.tif,D10,7,NPY1R,24.68883896,24.69216537,0.004705611,C8,ACTB,20.55706406,20.62692261,0.098794907,2021,21-03-14,8:07,Rural,Stream,NA,NA,NA,NA,NA,NA,NA,NA,NA,NA,NA,NA,NA,NA,NA,NA,NA,NA,NA,3,8:10,8:17,4.06524276,5.140238897,-1.074996137,2.106716431,73,-9.548672566
344,SOSP07,2021,left,PVN,4036,N,14075842682,3487572.518,13.929,64.408,_B4_S5_left -1.tif,B8,7,NPY,21.45040131,21.44886017,0.002178149,C8,ACTB,20.55706406,20.62692261,0.098794907,2021,21-03-14,8:07,Rural,Stream,NA,NA,NA,NA,NA,NA,NA,NA,NA,NA,NA,NA,NA,NA,NA,NA,NA,NA,NA,3,8:10,8:17,0.82193756,1.836385207,-1.014447647,2.020129315,73,-9.548672566
345,SOSP08,2021,right,IN,3061,Y,3119533415,1019122.318,3.087,68.134,_B5_s2_right-1.tif,D12,8,NPY1R,25.66209602,25.47239494,0.268277854,D2,ACTB,21.09604073,21.10422134,0.011567793,2021,21-03-14,9:08,Rural,Stream,NA,NA,NA,NA,NA,NA,NA,NA,NA,NA,NA,NA,NA,NA,NA,NA,NA,NA,NA,2,9:10,9:15,4.3681736,5.140238897,-0.772065297,1.707712719,73,-9.548672566
346,SOSP08,2021,right,IN,3061,N,3119533415,1019122.318,3.087,68.134,_B5_s2_right-1.tif,B4,8,NPY2R,27.29735756,27.20583916,0.129426569,D2,ACTB,21.09604073,21.10422134,0.011567793,2021,21-03-14,9:08,Rural,Stream,NA,NA,NA,NA,NA,NA,NA,NA,NA,NA,NA,NA,NA,NA,NA,NA,NA,NA,NA,2,9:10,9:15,6.10161782,6.579880107,-0.478262287,1.393064722,73,-9.548672566
347,SOSP08,2021,right,IN,3061,N,3119533415,1019122.318,3.087,68.134,_B5_s2_right-1.tif,D10,8,NPY5R,20.42177391,20.47159004,0.070450649,D2,ACTB,21.09604073,21.10422134,0.011567793,2021,21-03-14,9:08,Rural,Stream,NA,NA,NA,NA,NA,NA,NA,NA,NA,NA,NA,NA,NA,NA,NA,NA,NA,NA,NA,2,9:10,9:15,-0.6326313,2.893625639,-3.526256939,11.52150231,73,-9.548672566
348,SOSP08,2021,right,IN,3061,N,3119533415,1019122.318,3.087,68.134,_B5_s2_right-1.tif,B10,8,NPY,23.03571129,23.06864166,0.04657058,D2,ACTB,21.09604073,21.10422134,0.011567793,2021,21-03-14,9:08,Rural,Stream,NA,NA,NA,NA,NA,NA,NA,NA,NA,NA,NA,NA,NA,NA,NA,NA,NA,NA,NA,2,9:10,9:15,1.96442032,1.836385207,0.128035113,0.915076896,73,-9.548672566
349,SOSP08,2021,left,PVN,4269,Y,5846762514,1369585.972,5.786,67.5,_B5_s2_left-1.tif,D12,8,NPY1R,25.66209602,25.47239494,0.268277854,D2,ACTB,21.09604073,21.10422134,0.011567793,2021,21-03-14,9:08,Rural,Stream,NA,NA,NA,NA,NA,NA,NA,NA,NA,NA,NA,NA,NA,NA,NA,NA,NA,NA,NA,2,9:10,9:15,4.3681736,5.140238897,-0.772065297,1.707712719,73,-9.548672566
350,SOSP08,2021,left,PVN,4269,N,5846762514,1369585.972,5.786,67.5,_B5_s2_left-1.tif,B4,8,NPY2R,27.29735756,27.20583916,0.129426569,D2,ACTB,21.09604073,21.10422134,0.011567793,2021,21-03-14,9:08,Rural,Stream,NA,NA,NA,NA,NA,NA,NA,NA,NA,NA,NA,NA,NA,NA,NA,NA,NA,NA,NA,2,9:10,9:15,6.10161782,6.579880107,-0.478262287,1.393064722,73,-9.548672566
351,SOSP08,2021,left,PVN,4269,N,5846762514,1369585.972,5.786,67.5,_B5_s2_left-1.tif,D10,8,NPY5R,20.42177391,20.47159004,0.070450649,D2,ACTB,21.09604073,21.10422134,0.011567793,2021,21-03-14,9:08,Rural,Stream,NA,NA,NA,NA,NA,NA,NA,NA,NA,NA,NA,NA,NA,NA,NA,NA,NA,NA,NA,2,9:10,9:15,-0.6326313,2.893625639,-3.526256939,11.52150231,73,-9.548672566
352,SOSP08,2021,left,PVN,4269,N,5846762514,1369585.972,5.786,67.5,_B5_s2_left-1.tif,B10,8,NPY,23.03571129,23.06864166,0.04657058,D2,ACTB,21.09604073,21.10422134,0.011567793,2021,21-03-14,9:08,Rural,Stream,NA,NA,NA,NA,NA,NA,NA,NA,NA,NA,NA,NA,NA,NA,NA,NA,NA,NA,NA,2,9:10,9:15,1.96442032,1.836385207,0.128035113,0.915076896,73,-9.548672566
353,SOSP08,2021,right,PVN,4237,Y,8575041643,2023847.449,8.486,67.357,_B5_s2_right-1.tif,D12,8,NPY1R,25.66209602,25.47239494,0.268277854,D2,ACTB,21.09604073,21.10422134,0.011567793,2021,21-03-14,9:08,Rural,Stream,NA,NA,NA,NA,NA,NA,NA,NA,NA,NA,NA,NA,NA,NA,NA,NA,NA,NA,NA,2,9:10,9:15,4.3681736,5.140238897,-0.772065297,1.707712719,73,-9.548672566
354,SOSP08,2021,right,PVN,4237,N,8575041643,2023847.449,8.486,67.357,_B5_s2_right-1.tif,B4,8,NPY2R,27.29735756,27.20583916,0.129426569,D2,ACTB,21.09604073,21.10422134,0.011567793,2021,21-03-14,9:08,Rural,Stream,NA,NA,NA,NA,NA,NA,NA,NA,NA,NA,NA,NA,NA,NA,NA,NA,NA,NA,NA,2,9:10,9:15,6.10161782,6.579880107,-0.478262287,1.393064722,73,-9.548672566
355,SOSP08,2021,right,PVN,4237,N,8575041643,2023847.449,8.486,67.357,_B5_s2_right-1.tif,D10,8,NPY5R,20.42177391,20.47159004,0.070450649,D2,ACTB,21.09604073,21.10422134,0.011567793,2021,21-03-14,9:08,Rural,Stream,NA,NA,NA,NA,NA,NA,NA,NA,NA,NA,NA,NA,NA,NA,NA,NA,NA,NA,NA,2,9:10,9:15,-0.6326313,2.893625639,-3.526256939,11.52150231,73,-9.548672566
356,SOSP08,2021,right,PVN,4237,N,8575041643,2023847.449,8.486,67.357,_B5_s2_right-1.tif,B10,8,NPY,23.03571129,23.06864166,0.04657058,D2,ACTB,21.09604073,21.10422134,0.011567793,2021,21-03-14,9:08,Rural,Stream,NA,NA,NA,NA,NA,NA,NA,NA,NA,NA,NA,NA,NA,NA,NA,NA,NA,NA,NA,2,9:10,9:15,1.96442032,1.836385207,0.128035113,0.915076896,73,-9.548672566
357,SOSP08,2021,left,IN,3914,Y,6517474090,1665169.67,6.45,68.476,_B5_s2_left-1.tif,D12,8,NPY1R,25.66209602,25.47239494,0.268277854,D2,ACTB,21.09604073,21.10422134,0.011567793,2021,21-03-14,9:08,Rural,Stream,NA,NA,NA,NA,NA,NA,NA,NA,NA,NA,NA,NA,NA,NA,NA,NA,NA,NA,NA,2,9:10,9:15,4.3681736,5.140238897,-0.772065297,1.707712719,73,-9.548672566
358,SOSP08,2021,left,IN,3914,N,6517474090,1665169.67,6.45,68.476,_B5_s2_left-1.tif,B4,8,NPY2R,27.29735756,27.20583916,0.129426569,D2,ACTB,21.09604073,21.10422134,0.011567793,2021,21-03-14,9:08,Rural,Stream,NA,NA,NA,NA,NA,NA,NA,NA,NA,NA,NA,NA,NA,NA,NA,NA,NA,NA,NA,2,9:10,9:15,6.10161782,6.579880107,-0.478262287,1.393064722,73,-9.548672566
359,SOSP08,2021,left,IN,3914,N,6517474090,1665169.67,6.45,68.476,_B5_s2_left-1.tif,D10,8,NPY5R,20.42177391,20.47159004,0.070450649,D2,ACTB,21.09604073,21.10422134,0.011567793,2021,21-03-14,9:08,Rural,Stream,NA,NA,NA,NA,NA,NA,NA,NA,NA,NA,NA,NA,NA,NA,NA,NA,NA,NA,NA,2,9:10,9:15,-0.6326313,2.893625639,-3.526256939,11.52150231,73,-9.548672566
360,SOSP08,2021,left,IN,3914,N,6517474090,1665169.67,6.45,68.476,_B5_s2_left-1.tif,B10,8,NPY,23.03571129,23.06864166,0.04657058,D2,ACTB,21.09604073,21.10422134,0.011567793,2021,21-03-14,9:08,Rural,Stream,NA,NA,NA,NA,NA,NA,NA,NA,NA,NA,NA,NA,NA,NA,NA,NA,NA,NA,NA,2,9:10,9:15,1.96442032,1.836385207,0.128035113,0.915076896,73,-9.548672566
361,SOSP13,2021,left,PVN,1812,Y,1292000107,713024.341,1.279,70.04,_B3_s1_lePVN-1.tif,A6,13,NPY2R,25.31986618,25.35009384,0.042748369,H8,ACTB,18.33967781,18.33135223,0.011775493,2021,21-03-17,7:08,Rural,Kent,NA,NA,NA,NA,NA,NA,NA,NA,NA,NA,NA,NA,NA,NA,NA,NA,NA,NA,NA,3,7:11,7:16,7.01874161,6.579880107,0.438861503,0.737716545,76,-6.548672566
362,SOSP13,2021,left,PVN,1812,N,1292000107,713024.341,1.279,70.04,_B3_s1_lePVN-1.tif,A10,13,NPY,21.4710865,21.56652451,0.134969726,H8,ACTB,18.33967781,18.33135223,0.011775493,2021,21-03-17,7:08,Rural,Kent,NA,NA,NA,NA,NA,NA,NA,NA,NA,NA,NA,NA,NA,NA,NA,NA,NA,NA,NA,3,7:11,7:16,3.23517228,1.836385207,1.398787073,0.379247855,76,-6.548672566
363,SOSP13,2021,left,IN,2511,N,2177415003,867150.539,2.155,69.255,_B3_s1_leIN-1.tif,A6,13,NPY2R,25.31986618,25.35009384,0.042748369,H8,ACTB,18.33967781,18.33135223,0.011775493,2021,21-03-17,7:08,Rural,Kent,NA,NA,NA,NA,NA,NA,NA,NA,NA,NA,NA,NA,NA,NA,NA,NA,NA,NA,NA,3,7:11,7:16,7.01874161,6.579880107,0.438861503,0.737716545,76,-6.548672566
364,SOSP13,2021,left,IN,2511,N,2177415003,867150.539,2.155,69.255,_B3_s1_leIN-1.tif,A10,13,NPY,21.4710865,21.56652451,0.134969726,H8,ACTB,18.33967781,18.33135223,0.011775493,2021,21-03-17,7:08,Rural,Kent,NA,NA,NA,NA,NA,NA,NA,NA,NA,NA,NA,NA,NA,NA,NA,NA,NA,NA,NA,3,7:11,7:16,3.23517228,1.836385207,1.398787073,0.379247855,76,-6.548672566
365,SOSP13,2021,right,IN,2406,Y,1853154897,770222.318,1.834,69.101,_B3_s1_right-1.tif,A6,13,NPY2R,25.31986618,25.35009384,0.042748369,H8,ACTB,18.33967781,18.33135223,0.011775493,2021,21-03-17,7:08,Rural,Kent,NA,NA,NA,NA,NA,NA,NA,NA,NA,NA,NA,NA,NA,NA,NA,NA,NA,NA,NA,3,7:11,7:16,7.01874161,6.579880107,0.438861503,0.737716545,76,-6.548672566
366,SOSP13,2021,right,IN,2406,N,1853154897,770222.318,1.834,69.101,_B3_s1_right-1.tif,A10,13,NPY,21.4710865,21.56652451,0.134969726,H8,ACTB,18.33967781,18.33135223,0.011775493,2021,21-03-17,7:08,Rural,Kent,NA,NA,NA,NA,NA,NA,NA,NA,NA,NA,NA,NA,NA,NA,NA,NA,NA,NA,NA,3,7:11,7:16,3.23517228,1.836385207,1.398787073,0.379247855,76,-6.548672566
367,SOSP13,2021,right,PVN,1997,Y,1315381556,658678.796,1.302,69.811,_B3_s1_right-1.tif,A6,13,NPY2R,25.31986618,25.35009384,0.042748369,H8,ACTB,18.33967781,18.33135223,0.011775493,2021,21-03-17,7:08,Rural,Kent,NA,NA,NA,NA,NA,NA,NA,NA,NA,NA,NA,NA,NA,NA,NA,NA,NA,NA,NA,3,7:11,7:16,7.01874161,6.579880107,0.438861503,0.737716545,76,-6.548672566
368,SOSP13,2021,right,PVN,1997,N,1315381556,658678.796,1.302,69.811,_B3_s1_right-1.tif,A10,13,NPY,21.4710865,21.56652451,0.134969726,H8,ACTB,18.33967781,18.33135223,0.011775493,2021,21-03-17,7:08,Rural,Kent,NA,NA,NA,NA,NA,NA,NA,NA,NA,NA,NA,NA,NA,NA,NA,NA,NA,NA,NA,3,7:11,7:16,3.23517228,1.836385207,1.398787073,0.379247855,76,-6.548672566
369,SOSP16,2021,right,IN,1622,Y,2239088824,1380449.336,2.216,68.463,_B4_s5_right-1.tif,A6,16,NPY1R,26.93914795,26.86880493,0.099481396,F10,ACTB,19.9676342,19.96055222,0.010014092,2021,21-03-17,7:57,Rural,Kent,NA,NA,NA,NA,NA,NA,NA,NA,NA,NA,NA,NA,NA,NA,NA,NA,NA,NA,NA,3,8:00,8:05,6.90825271,5.140238897,1.768013813,0.293612682,76,-6.548672566
370,SOSP16,2021,right,IN,1622,N,2239088824,1380449.336,2.216,68.463,_B4_s5_right-1.tif,H8,16,NPY5R,25.85474205,25.91135406,0.080060132,F10,ACTB,19.9676342,19.96055222,0.010014092,2021,21-03-17,7:57,Rural,Kent,NA,NA,NA,NA,NA,NA,NA,NA,NA,NA,NA,NA,NA,NA,NA,NA,NA,NA,NA,3,8:00,8:05,5.95080184,2.893625639,3.057176201,0.120142942,76,-6.548672566
371,SOSP16,2021,right,IN,1622,N,2239088824,1380449.336,2.216,68.463,_B4_s5_right-1.tif,A10,16,NPY5R,26.38111305,26.35696411,0.03415041,F10,ACTB,19.9676342,19.96055222,0.010014092,2021,21-03-17,7:57,Rural,Kent,NA,NA,NA,NA,NA,NA,NA,NA,NA,NA,NA,NA,NA,NA,NA,NA,NA,NA,NA,3,8:00,8:05,6.39641189,2.893625639,3.502786251,0.08821781,76,-6.548672566
372,SOSP16,2021,right,IN,1622,N,2239088824,1380449.336,2.216,68.463,_B4_s5_right-1.tif,H8,16,NPY2R,27.52893448,27.4803791,0.068667665,F10,ACTB,19.9676342,19.96055222,0.010014092,2021,21-03-17,7:57,Rural,Kent,NA,NA,NA,NA,NA,NA,NA,NA,NA,NA,NA,NA,NA,NA,NA,NA,NA,NA,NA,3,8:00,8:05,7.51982688,6.579880107,0.939946773,0.521252111,76,-6.548672566
373,SOSP16,2021,right,IN,1622,N,2239088824,1380449.336,2.216,68.463,_B4_s5_right-1.tif,C8,16,NPY1R,24.1909256,24.19013214,0.001123466,F10,ACTB,19.9676342,19.96055222,0.010014092,2021,21-03-17,7:57,Rural,Kent,NA,NA,NA,NA,NA,NA,NA,NA,NA,NA,NA,NA,NA,NA,NA,NA,NA,NA,NA,3,8:00,8:05,4.22957992,5.140238897,-0.910658977,1.879903983,76,-6.548672566
374,SOSP16,2021,right,IN,1622,N,2239088824,1380449.336,2.216,68.463,_B4_s5_right-1.tif,A4,16,NPY,22.45251656,22.48780441,0.049905915,F10,ACTB,19.9676342,19.96055222,0.010014092,2021,21-03-17,7:57,Rural,Kent,NA,NA,NA,NA,NA,NA,NA,NA,NA,NA,NA,NA,NA,NA,NA,NA,NA,NA,NA,3,8:00,8:05,2.52725219,1.836385207,0.690866983,0.619481463,76,-6.548672566
375,SOSP16,2021,right,IN,1622,N,2239088824,1380449.336,2.216,68.463,_B4_s5_right-1.tif,A8,16,NPY2R,28.17385674,28.24411011,0.099353269,F10,ACTB,19.9676342,19.96055222,0.010014092,2021,21-03-17,7:57,Rural,Kent,NA,NA,NA,NA,NA,NA,NA,NA,NA,NA,NA,NA,NA,NA,NA,NA,NA,NA,NA,3,8:00,8:05,8.28355789,6.579880107,1.703677783,0.30700248,76,-6.548672566
376,SOSP16,2021,left,PVN,2152,Y,2269610721,1054651.822,2.246,67.777,_B4_s5_lePVN-1.tif,A6,16,NPY1R,26.93914795,26.86880493,0.099481396,F10,ACTB,19.9676342,19.96055222,0.010014092,2021,21-03-17,7:57,Rural,Kent,NA,NA,NA,NA,NA,NA,NA,NA,NA,NA,NA,NA,NA,NA,NA,NA,NA,NA,NA,3,8:00,8:05,6.90825271,5.140238897,1.768013813,0.293612682,76,-6.548672566
377,SOSP16,2021,left,PVN,2152,N,2269610721,1054651.822,2.246,67.777,_B4_s5_lePVN-1.tif,H8,16,NPY5R,25.85474205,25.91135406,0.080060132,F10,ACTB,19.9676342,19.96055222,0.010014092,2021,21-03-17,7:57,Rural,Kent,NA,NA,NA,NA,NA,NA,NA,NA,NA,NA,NA,NA,NA,NA,NA,NA,NA,NA,NA,3,8:00,8:05,5.95080184,2.893625639,3.057176201,0.120142942,76,-6.548672566
378,SOSP16,2021,left,PVN,2152,N,2269610721,1054651.822,2.246,67.777,_B4_s5_lePVN-1.tif,A10,16,NPY5R,26.38111305,26.35696411,0.03415041,F10,ACTB,19.9676342,19.96055222,0.010014092,2021,21-03-17,7:57,Rural,Kent,NA,NA,NA,NA,NA,NA,NA,NA,NA,NA,NA,NA,NA,NA,NA,NA,NA,NA,NA,3,8:00,8:05,6.39641189,2.893625639,3.502786251,0.08821781,76,-6.548672566
379,SOSP16,2021,left,PVN,2152,N,2269610721,1054651.822,2.246,67.777,_B4_s5_lePVN-1.tif,H8,16,NPY2R,27.52893448,27.4803791,0.068667665,F10,ACTB,19.9676342,19.96055222,0.010014092,2021,21-03-17,7:57,Rural,Kent,NA,NA,NA,NA,NA,NA,NA,NA,NA,NA,NA,NA,NA,NA,NA,NA,NA,NA,NA,3,8:00,8:05,7.51982688,6.579880107,0.939946773,0.521252111,76,-6.548672566
380,SOSP16,2021,left,PVN,2152,N,2269610721,1054651.822,2.246,67.777,_B4_s5_lePVN-1.tif,C8,16,NPY1R,24.1909256,24.19013214,0.001123466,F10,ACTB,19.9676342,19.96055222,0.010014092,2021,21-03-17,7:57,Rural,Kent,NA,NA,NA,NA,NA,NA,NA,NA,NA,NA,NA,NA,NA,NA,NA,NA,NA,NA,NA,3,8:00,8:05,4.22957992,5.140238897,-0.910658977,1.879903983,76,-6.548672566
381,SOSP16,2021,left,PVN,2152,N,2269610721,1054651.822,2.246,67.777,_B4_s5_lePVN-1.tif,A4,16,NPY,22.45251656,22.48780441,0.049905915,F10,ACTB,19.9676342,19.96055222,0.010014092,2021,21-03-17,7:57,Rural,Kent,NA,NA,NA,NA,NA,NA,NA,NA,NA,NA,NA,NA,NA,NA,NA,NA,NA,NA,NA,3,8:00,8:05,2.52725219,1.836385207,0.690866983,0.619481463,76,-6.548672566
382,SOSP16,2021,left,PVN,2152,N,2269610721,1054651.822,2.246,67.777,_B4_s5_lePVN-1.tif,A8,16,NPY2R,28.17385674,28.24411011,0.099353269,F10,ACTB,19.9676342,19.96055222,0.010014092,2021,21-03-17,7:57,Rural,Kent,NA,NA,NA,NA,NA,NA,NA,NA,NA,NA,NA,NA,NA,NA,NA,NA,NA,NA,NA,3,8:00,8:05,8.28355789,6.579880107,1.703677783,0.30700248,76,-6.548672566
383,SOSP16,2021,right,PVN,1727,Y,1937160105,1121690.854,1.917,66.29,_B4_s5_right-1.tif,A6,16,NPY1R,26.93914795,26.86880493,0.099481396,F10,ACTB,19.9676342,19.96055222,0.010014092,2021,21-03-17,7:57,Rural,Kent,NA,NA,NA,NA,NA,NA,NA,NA,NA,NA,NA,NA,NA,NA,NA,NA,NA,NA,NA,3,8:00,8:05,6.90825271,5.140238897,1.768013813,0.293612682,76,-6.548672566
384,SOSP16,2021,right,PVN,1727,N,1937160105,1121690.854,1.917,66.29,_B4_s5_right-1.tif,H8,16,NPY5R,25.85474205,25.91135406,0.080060132,F10,ACTB,19.9676342,19.96055222,0.010014092,2021,21-03-17,7:57,Rural,Kent,NA,NA,NA,NA,NA,NA,NA,NA,NA,NA,NA,NA,NA,NA,NA,NA,NA,NA,NA,3,8:00,8:05,5.95080184,2.893625639,3.057176201,0.120142942,76,-6.548672566
385,SOSP16,2021,right,PVN,1727,N,1937160105,1121690.854,1.917,66.29,_B4_s5_right-1.tif,A10,16,NPY5R,26.38111305,26.35696411,0.03415041,F10,ACTB,19.9676342,19.96055222,0.010014092,2021,21-03-17,7:57,Rural,Kent,NA,NA,NA,NA,NA,NA,NA,NA,NA,NA,NA,NA,NA,NA,NA,NA,NA,NA,NA,3,8:00,8:05,6.39641189,2.893625639,3.502786251,0.08821781,76,-6.548672566
386,SOSP16,2021,right,PVN,1727,N,1937160105,1121690.854,1.917,66.29,_B4_s5_right-1.tif,H8,16,NPY2R,27.52893448,27.4803791,0.068667665,F10,ACTB,19.9676342,19.96055222,0.010014092,2021,21-03-17,7:57,Rural,Kent,NA,NA,NA,NA,NA,NA,NA,NA,NA,NA,NA,NA,NA,NA,NA,NA,NA,NA,NA,3,8:00,8:05,7.51982688,6.579880107,0.939946773,0.521252111,76,-6.548672566
387,SOSP16,2021,right,PVN,1727,N,1937160105,1121690.854,1.917,66.29,_B4_s5_right-1.tif,C8,16,NPY1R,24.1909256,24.19013214,0.001123466,F10,ACTB,19.9676342,19.96055222,0.010014092,2021,21-03-17,7:57,Rural,Kent,NA,NA,NA,NA,NA,NA,NA,NA,NA,NA,NA,NA,NA,NA,NA,NA,NA,NA,NA,3,8:00,8:05,4.22957992,5.140238897,-0.910658977,1.879903983,76,-6.548672566
388,SOSP16,2021,right,PVN,1727,N,1937160105,1121690.854,1.917,66.29,_B4_s5_right-1.tif,A4,16,NPY,22.45251656,22.48780441,0.049905915,F10,ACTB,19.9676342,19.96055222,0.010014092,2021,21-03-17,7:57,Rural,Kent,NA,NA,NA,NA,NA,NA,NA,NA,NA,NA,NA,NA,NA,NA,NA,NA,NA,NA,NA,3,8:00,8:05,2.52725219,1.836385207,0.690866983,0.619481463,76,-6.548672566
389,SOSP16,2021,right,PVN,1727,N,1937160105,1121690.854,1.917,66.29,_B4_s5_right-1.tif,A8,16,NPY2R,28.17385674,28.24411011,0.099353269,F10,ACTB,19.9676342,19.96055222,0.010014092,2021,21-03-17,7:57,Rural,Kent,NA,NA,NA,NA,NA,NA,NA,NA,NA,NA,NA,NA,NA,NA,NA,NA,NA,NA,NA,3,8:00,8:05,8.28355789,6.579880107,1.703677783,0.30700248,76,-6.548672566
390,SOSP16,2021,left,IN,2256,Y,2293552200,1016645.479,2.27,67.467,_B4_s5_leIN-1.tif,A6,16,NPY1R,26.93914795,26.86880493,0.099481396,F10,ACTB,19.9676342,19.96055222,0.010014092,2021,21-03-17,7:57,Rural,Kent,NA,NA,NA,NA,NA,NA,NA,NA,NA,NA,NA,NA,NA,NA,NA,NA,NA,NA,NA,3,8:00,8:05,6.90825271,5.140238897,1.768013813,0.293612682,76,-6.548672566
391,SOSP16,2021,left,IN,2256,N,2293552200,1016645.479,2.27,67.467,_B4_s5_leIN-1.tif,H8,16,NPY5R,25.85474205,25.91135406,0.080060132,F10,ACTB,19.9676342,19.96055222,0.010014092,2021,21-03-17,7:57,Rural,Kent,NA,NA,NA,NA,NA,NA,NA,NA,NA,NA,NA,NA,NA,NA,NA,NA,NA,NA,NA,3,8:00,8:05,5.95080184,2.893625639,3.057176201,0.120142942,76,-6.548672566
392,SOSP16,2021,left,IN,2256,N,2293552200,1016645.479,2.27,67.467,_B4_s5_leIN-1.tif,A10,16,NPY5R,26.38111305,26.35696411,0.03415041,F10,ACTB,19.9676342,19.96055222,0.010014092,2021,21-03-17,7:57,Rural,Kent,NA,NA,NA,NA,NA,NA,NA,NA,NA,NA,NA,NA,NA,NA,NA,NA,NA,NA,NA,3,8:00,8:05,6.39641189,2.893625639,3.502786251,0.08821781,76,-6.548672566
393,SOSP16,2021,left,IN,2256,N,2293552200,1016645.479,2.27,67.467,_B4_s5_leIN-1.tif,H8,16,NPY2R,27.52893448,27.4803791,0.068667665,F10,ACTB,19.9676342,19.96055222,0.010014092,2021,21-03-17,7:57,Rural,Kent,NA,NA,NA,NA,NA,NA,NA,NA,NA,NA,NA,NA,NA,NA,NA,NA,NA,NA,NA,3,8:00,8:05,7.51982688,6.579880107,0.939946773,0.521252111,76,-6.548672566
394,SOSP16,2021,left,IN,2256,N,2293552200,1016645.479,2.27,67.467,_B4_s5_leIN-1.tif,C8,16,NPY1R,24.1909256,24.19013214,0.001123466,F10,ACTB,19.9676342,19.96055222,0.010014092,2021,21-03-17,7:57,Rural,Kent,NA,NA,NA,NA,NA,NA,NA,NA,NA,NA,NA,NA,NA,NA,NA,NA,NA,NA,NA,3,8:00,8:05,4.22957992,5.140238897,-0.910658977,1.879903983,76,-6.548672566
395,SOSP16,2021,left,IN,2256,N,2293552200,1016645.479,2.27,67.467,_B4_s5_leIN-1.tif,A4,16,NPY,22.45251656,22.48780441,0.049905915,F10,ACTB,19.9676342,19.96055222,0.010014092,2021,21-03-17,7:57,Rural,Kent,NA,NA,NA,NA,NA,NA,NA,NA,NA,NA,NA,NA,NA,NA,NA,NA,NA,NA,NA,3,8:00,8:05,2.52725219,1.836385207,0.690866983,0.619481463,76,-6.548672566
396,SOSP16,2021,left,IN,2256,N,2293552200,1016645.479,2.27,67.467,_B4_s5_leIN-1.tif,A8,16,NPY2R,28.17385674,28.24411011,0.099353269,F10,ACTB,19.9676342,19.96055222,0.010014092,2021,21-03-17,7:57,Rural,Kent,NA,NA,NA,NA,NA,NA,NA,NA,NA,NA,NA,NA,NA,NA,NA,NA,NA,NA,NA,3,8:00,8:05,8.28355789,6.579880107,1.703677783,0.30700248,76,-6.548672566
397,SOSP18,2021,right,IN,2396,Y,2856597113,1192235.857,2.827,66.072,_B4_s2_right-1.tif,H4,18,NPY5R,26.93959618,26.95238113,0.018080661,H6,ACTB,18.4566021,18.46193314,0.007540577,2021,21-03-20,7:33,Urban,Rad,NA,NA,NA,NA,NA,NA,NA,NA,NA,NA,NA,NA,NA,NA,NA,NA,NA,NA,NA,3,7:36,7:41,8.49044799,2.893625639,5.596822351,0.020662772,79,-3.548672566
398,SOSP18,2021,right,IN,2396,N,2856597113,1192235.857,2.827,66.072,_B4_s2_right-1.tif,F6,18,NPY,20.73348236,20.76738548,0.047946256,H6,ACTB,18.4566021,18.46193314,0.007540577,2021,21-03-20,7:33,Urban,Rad,NA,NA,NA,NA,NA,NA,NA,NA,NA,NA,NA,NA,NA,NA,NA,NA,NA,NA,NA,3,7:36,7:41,2.30545234,1.836385207,0.469067133,0.722431581,79,-3.548672566
399,SOSP18,2021,right,IN,2396,N,2856597113,1192235.857,2.827,66.072,_B4_s2_right-1.tif,C4,18,NPY1R,24.35985374,24.24537659,0.161896497,H6,ACTB,18.4566021,18.46193314,0.007540577,2021,21-03-20,7:33,Urban,Rad,NA,NA,NA,NA,NA,NA,NA,NA,NA,NA,NA,NA,NA,NA,NA,NA,NA,NA,NA,3,7:36,7:41,5.78344345,5.140238897,0.643204553,0.640289141,79,-3.548672566
400,SOSP18,2021,right,IN,2396,N,2856597113,1192235.857,2.827,66.072,_B4_s2_right-1.tif,H4,18,NPY2R,27.96570778,28.01463318,0.069192313,H6,ACTB,18.4566021,18.46193314,0.007540577,2021,21-03-20,7:33,Urban,Rad,NA,NA,NA,NA,NA,NA,NA,NA,NA,NA,NA,NA,NA,NA,NA,NA,NA,NA,NA,3,7:36,7:41,9.55270004,6.579880107,2.972819933,0.127377297,79,-3.548672566
401,SOSP18,2021,left,IN,1545,Y,1670023545,1080921.388,1.653,66.835,_B4_s2_leIN-1.tif,H4,18,NPY5R,26.93959618,26.95238113,0.018080661,H6,ACTB,18.4566021,18.46193314,0.007540577,2021,21-03-20,7:33,Urban,Rad,NA,NA,NA,NA,NA,NA,NA,NA,NA,NA,NA,NA,NA,NA,NA,NA,NA,NA,NA,3,7:36,7:41,8.49044799,2.893625639,5.596822351,0.020662772,79,-3.548672566
402,SOSP18,2021,left,IN,1545,N,1670023545,1080921.388,1.653,66.835,_B4_s2_leIN-1.tif,F6,18,NPY,20.73348236,20.76738548,0.047946256,H6,ACTB,18.4566021,18.46193314,0.007540577,2021,21-03-20,7:33,Urban,Rad,NA,NA,NA,NA,NA,NA,NA,NA,NA,NA,NA,NA,NA,NA,NA,NA,NA,NA,NA,3,7:36,7:41,2.30545234,1.836385207,0.469067133,0.722431581,79,-3.548672566
403,SOSP18,2021,left,IN,1545,N,1670023545,1080921.388,1.653,66.835,_B4_s2_leIN-1.tif,C4,18,NPY1R,24.35985374,24.24537659,0.161896497,H6,ACTB,18.4566021,18.46193314,0.007540577,2021,21-03-20,7:33,Urban,Rad,NA,NA,NA,NA,NA,NA,NA,NA,NA,NA,NA,NA,NA,NA,NA,NA,NA,NA,NA,3,7:36,7:41,5.78344345,5.140238897,0.643204553,0.640289141,79,-3.548672566
404,SOSP18,2021,left,IN,1545,N,1670023545,1080921.388,1.653,66.835,_B4_s2_leIN-1.tif,H4,18,NPY2R,27.96570778,28.01463318,0.069192313,H6,ACTB,18.4566021,18.46193314,0.007540577,2021,21-03-20,7:33,Urban,Rad,NA,NA,NA,NA,NA,NA,NA,NA,NA,NA,NA,NA,NA,NA,NA,NA,NA,NA,NA,3,7:36,7:41,9.55270004,6.579880107,2.972819933,0.127377297,79,-3.548672566
405,SOSP18,2021,right,PVN,1548,Y,1640551714,1059787.929,1.623,67.07,_B4_s2_right-1.tif,H4,18,NPY5R,26.93959618,26.95238113,0.018080661,H6,ACTB,18.4566021,18.46193314,0.007540577,2021,21-03-20,7:33,Urban,Rad,NA,NA,NA,NA,NA,NA,NA,NA,NA,NA,NA,NA,NA,NA,NA,NA,NA,NA,NA,3,7:36,7:41,8.49044799,2.893625639,5.596822351,0.020662772,79,-3.548672566
406,SOSP18,2021,right,PVN,1548,N,1640551714,1059787.929,1.623,67.07,_B4_s2_right-1.tif,F6,18,NPY,20.73348236,20.76738548,0.047946256,H6,ACTB,18.4566021,18.46193314,0.007540577,2021,21-03-20,7:33,Urban,Rad,NA,NA,NA,NA,NA,NA,NA,NA,NA,NA,NA,NA,NA,NA,NA,NA,NA,NA,NA,3,7:36,7:41,2.30545234,1.836385207,0.469067133,0.722431581,79,-3.548672566
407,SOSP18,2021,right,PVN,1548,N,1640551714,1059787.929,1.623,67.07,_B4_s2_right-1.tif,C4,18,NPY1R,24.35985374,24.24537659,0.161896497,H6,ACTB,18.4566021,18.46193314,0.007540577,2021,21-03-20,7:33,Urban,Rad,NA,NA,NA,NA,NA,NA,NA,NA,NA,NA,NA,NA,NA,NA,NA,NA,NA,NA,NA,3,7:36,7:41,5.78344345,5.140238897,0.643204553,0.640289141,79,-3.548672566
408,SOSP18,2021,right,PVN,1548,N,1640551714,1059787.929,1.623,67.07,_B4_s2_right-1.tif,H4,18,NPY2R,27.96570778,28.01463318,0.069192313,H6,ACTB,18.4566021,18.46193314,0.007540577,2021,21-03-20,7:33,Urban,Rad,NA,NA,NA,NA,NA,NA,NA,NA,NA,NA,NA,NA,NA,NA,NA,NA,NA,NA,NA,3,7:36,7:41,9.55270004,6.579880107,2.972819933,0.127377297,79,-3.548672566
409,SOSP18,2021,left,PVN,1120,Y,1146251069,1023438.454,1.134,68.371,_B4_s2_lePVN-1.tif,H4,18,NPY5R,26.93959618,26.95238113,0.018080661,H6,ACTB,18.4566021,18.46193314,0.007540577,2021,21-03-20,7:33,Urban,Rad,NA,NA,NA,NA,NA,NA,NA,NA,NA,NA,NA,NA,NA,NA,NA,NA,NA,NA,NA,3,7:36,7:41,8.49044799,2.893625639,5.596822351,0.020662772,79,-3.548672566
410,SOSP18,2021,left,PVN,1120,N,1146251069,1023438.454,1.134,68.371,_B4_s2_lePVN-1.tif,F6,18,NPY,20.73348236,20.76738548,0.047946256,H6,ACTB,18.4566021,18.46193314,0.007540577,2021,21-03-20,7:33,Urban,Rad,NA,NA,NA,NA,NA,NA,NA,NA,NA,NA,NA,NA,NA,NA,NA,NA,NA,NA,NA,3,7:36,7:41,2.30545234,1.836385207,0.469067133,0.722431581,79,-3.548672566
411,SOSP18,2021,left,PVN,1120,N,1146251069,1023438.454,1.134,68.371,_B4_s2_lePVN-1.tif,C4,18,NPY1R,24.35985374,24.24537659,0.161896497,H6,ACTB,18.4566021,18.46193314,0.007540577,2021,21-03-20,7:33,Urban,Rad,NA,NA,NA,NA,NA,NA,NA,NA,NA,NA,NA,NA,NA,NA,NA,NA,NA,NA,NA,3,7:36,7:41,5.78344345,5.140238897,0.643204553,0.640289141,79,-3.548672566
412,SOSP18,2021,left,PVN,1120,N,1146251069,1023438.454,1.134,68.371,_B4_s2_lePVN-1.tif,H4,18,NPY2R,27.96570778,28.01463318,0.069192313,H6,ACTB,18.4566021,18.46193314,0.007540577,2021,21-03-20,7:33,Urban,Rad,NA,NA,NA,NA,NA,NA,NA,NA,NA,NA,NA,NA,NA,NA,NA,NA,NA,NA,NA,3,7:36,7:41,9.55270004,6.579880107,2.972819933,0.127377297,79,-3.548672566
413,SOSP27,2021,left,IN,1793,Y,2105310529,1174183.229,2.083,66.687,_B4_s5_leIN-1.tif,D12,27,NPY,22.03148079,22.0840435,0.074334905,B6,ACTB,21.17493248,21.25666428,0.115587562,2021,21-03-22,7:58,Rural,Stream,NA,NA,NA,NA,NA,NA,NA,NA,NA,NA,NA,NA,NA,NA,NA,NA,NA,NA,NA,5,8:03,8:06,0.82737922,1.836385207,-1.009005987,2.012523999,81,-1.548672566
414,SOSP27,2021,left,IN,1793,N,2105310529,1174183.229,2.083,66.687,_B4_s5_leIN-1.tif,F10,27,NPY5R,27.0610714,27.24033356,0.253513634,B6,ACTB,21.17493248,21.25666428,0.115587562,2021,21-03-22,7:58,Rural,Stream,NA,NA,NA,NA,NA,NA,NA,NA,NA,NA,NA,NA,NA,NA,NA,NA,NA,NA,NA,5,8:03,8:06,5.98366928,2.893625639,3.090043641,0.117436791,81,-1.548672566
415,SOSP27,2021,left,IN,1793,N,2105310529,1174183.229,2.083,66.687,_B4_s5_leIN-1.tif,F10,27,NPY2R,26.94172287,27.10267448,0.227619961,B6,ACTB,21.17493248,21.25666428,0.115587562,2021,21-03-22,7:58,Rural,Stream,NA,NA,NA,NA,NA,NA,NA,NA,NA,NA,NA,NA,NA,NA,NA,NA,NA,NA,NA,5,8:03,8:06,5.8460102,6.579880107,-0.733869907,1.663094223,81,-1.548672566
416,SOSP27,2021,left,PVN,2870,Y,4783046552,1666566.743,4.733,67.524,_B4_s5_lePVN-1.tif,D12,27,NPY,22.03148079,22.0840435,0.074334905,B6,ACTB,21.17493248,21.25666428,0.115587562,2021,21-03-22,7:58,Rural,Stream,NA,NA,NA,NA,NA,NA,NA,NA,NA,NA,NA,NA,NA,NA,NA,NA,NA,NA,NA,5,8:03,8:06,0.82737922,1.836385207,-1.009005987,2.012523999,81,-1.548672566
417,SOSP27,2021,left,PVN,2870,N,4783046552,1666566.743,4.733,67.524,_B4_s5_lePVN-1.tif,F10,27,NPY5R,27.0610714,27.24033356,0.253513634,B6,ACTB,21.17493248,21.25666428,0.115587562,2021,21-03-22,7:58,Rural,Stream,NA,NA,NA,NA,NA,NA,NA,NA,NA,NA,NA,NA,NA,NA,NA,NA,NA,NA,NA,5,8:03,8:06,5.98366928,2.893625639,3.090043641,0.117436791,81,-1.548672566
418,SOSP27,2021,left,PVN,2870,N,4783046552,1666566.743,4.733,67.524,_B4_s5_lePVN-1.tif,F10,27,NPY2R,26.94172287,27.10267448,0.227619961,B6,ACTB,21.17493248,21.25666428,0.115587562,2021,21-03-22,7:58,Rural,Stream,NA,NA,NA,NA,NA,NA,NA,NA,NA,NA,NA,NA,NA,NA,NA,NA,NA,NA,NA,5,8:03,8:06,5.8460102,6.579880107,-0.733869907,1.663094223,81,-1.548672566
419,SOSP27,2021,right,IN,1596,Y,2039086427,1277623.074,2.018,66.295,_B4_s5_right-1.tif,D12,27,NPY,22.03148079,22.0840435,0.074334905,B6,ACTB,21.17493248,21.25666428,0.115587562,2021,21-03-22,7:58,Rural,Stream,NA,NA,NA,NA,NA,NA,NA,NA,NA,NA,NA,NA,NA,NA,NA,NA,NA,NA,NA,5,8:03,8:06,0.82737922,1.836385207,-1.009005987,2.012523999,81,-1.548672566
420,SOSP27,2021,right,IN,1596,N,2039086427,1277623.074,2.018,66.295,_B4_s5_right-1.tif,F10,27,NPY5R,27.0610714,27.24033356,0.253513634,B6,ACTB,21.17493248,21.25666428,0.115587562,2021,21-03-22,7:58,Rural,Stream,NA,NA,NA,NA,NA,NA,NA,NA,NA,NA,NA,NA,NA,NA,NA,NA,NA,NA,NA,5,8:03,8:06,5.98366928,2.893625639,3.090043641,0.117436791,81,-1.548672566
421,SOSP27,2021,right,IN,1596,N,2039086427,1277623.074,2.018,66.295,_B4_s5_right-1.tif,F10,27,NPY2R,26.94172287,27.10267448,0.227619961,B6,ACTB,21.17493248,21.25666428,0.115587562,2021,21-03-22,7:58,Rural,Stream,NA,NA,NA,NA,NA,NA,NA,NA,NA,NA,NA,NA,NA,NA,NA,NA,NA,NA,NA,5,8:03,8:06,5.8460102,6.579880107,-0.733869907,1.663094223,81,-1.548672566
422,SOSP27,2021,right,PVN,2560,Y,4246603277,1658829.405,4.202,67.891,_B4_s5_right-1.tif,D12,27,NPY,22.03148079,22.0840435,0.074334905,B6,ACTB,21.17493248,21.25666428,0.115587562,2021,21-03-22,7:58,Rural,Stream,NA,NA,NA,NA,NA,NA,NA,NA,NA,NA,NA,NA,NA,NA,NA,NA,NA,NA,NA,5,8:03,8:06,0.82737922,1.836385207,-1.009005987,2.012523999,81,-1.548672566
423,SOSP27,2021,right,PVN,2560,N,4246603277,1658829.405,4.202,67.891,_B4_s5_right-1.tif,F10,27,NPY5R,27.0610714,27.24033356,0.253513634,B6,ACTB,21.17493248,21.25666428,0.115587562,2021,21-03-22,7:58,Rural,Stream,NA,NA,NA,NA,NA,NA,NA,NA,NA,NA,NA,NA,NA,NA,NA,NA,NA,NA,NA,5,8:03,8:06,5.98366928,2.893625639,3.090043641,0.117436791,81,-1.548672566
424,SOSP27,2021,right,PVN,2560,N,4246603277,1658829.405,4.202,67.891,_B4_s5_right-1.tif,F10,27,NPY2R,26.94172287,27.10267448,0.227619961,B6,ACTB,21.17493248,21.25666428,0.115587562,2021,21-03-22,7:58,Rural,Stream,NA,NA,NA,NA,NA,NA,NA,NA,NA,NA,NA,NA,NA,NA,NA,NA,NA,NA,NA,5,8:03,8:06,5.8460102,6.579880107,-0.733869907,1.663094223,81,-1.548672566
425,SOSP28,2021,left,PVN,1315,Y,1889767165,1437085.297,1.87,69.274,_B4_s2_lePVN-1.tif,H4,28,NPY,21.2886734,21.20524979,0.117978804,C8,ACTB,20.81090164,20.74119186,0.098583162,2021,21-03-22,8:16,Rural,Stream,NA,NA,NA,NA,NA,NA,NA,NA,NA,NA,NA,NA,NA,NA,NA,NA,NA,NA,NA,3,8:19,8:21,0.46405793,1.836385207,-1.372327277,2.588878533,81,-1.548672566
426,SOSP28,2021,left,PVN,1315,N,1889767165,1437085.297,1.87,69.274,_B4_s2_lePVN-1.tif,A8,28,NPY1R,28.41856956,28.1690712,0.35284397,C8,ACTB,20.81090164,20.74119186,0.098583162,2021,21-03-22,8:16,Rural,Stream,NA,NA,NA,NA,NA,NA,NA,NA,NA,NA,NA,NA,NA,NA,NA,NA,NA,NA,NA,3,8:19,8:21,7.42787934,5.140238897,2.287640443,0.204810212,81,-1.548672566
427,SOSP28,2021,left,PVN,1315,N,1889767165,1437085.297,1.87,69.274,_B4_s2_lePVN-1.tif,F8,28,NPY5R,26.86917305,26.9847908,0.163509548,C8,ACTB,20.81090164,20.74119186,0.098583162,2021,21-03-22,8:16,Rural,Stream,NA,NA,NA,NA,NA,NA,NA,NA,NA,NA,NA,NA,NA,NA,NA,NA,NA,NA,NA,3,8:19,8:21,6.24359894,2.893625639,3.349973301,0.098074827,81,-1.548672566
428,SOSP28,2021,left,PVN,1315,N,1889767165,1437085.297,1.87,69.274,_B4_s2_lePVN-1.tif,F8,28,NPY2R,27.16422272,27.27148819,0.151694939,C8,ACTB,20.81090164,20.74119186,0.098583162,2021,21-03-22,8:16,Rural,Stream,NA,NA,NA,NA,NA,NA,NA,NA,NA,NA,NA,NA,NA,NA,NA,NA,NA,NA,NA,3,8:19,8:21,6.53029633,6.579880107,-0.049583777,1.034966289,81,-1.548672566
429,SOSP28,2021,right,IN,2500,Y,3204098657,1281639.463,3.171,68.568,_B4_s2_right-1.tif,H4,28,NPY,21.2886734,21.20524979,0.117978804,C8,ACTB,20.81090164,20.74119186,0.098583162,2021,21-03-22,8:16,Rural,Stream,NA,NA,NA,NA,NA,NA,NA,NA,NA,NA,NA,NA,NA,NA,NA,NA,NA,NA,NA,3,8:19,8:21,0.46405793,1.836385207,-1.372327277,2.588878533,81,-1.548672566
430,SOSP28,2021,right,IN,2500,N,3204098657,1281639.463,3.171,68.568,_B4_s2_right-1.tif,A8,28,NPY1R,28.41856956,28.1690712,0.35284397,C8,ACTB,20.81090164,20.74119186,0.098583162,2021,21-03-22,8:16,Rural,Stream,NA,NA,NA,NA,NA,NA,NA,NA,NA,NA,NA,NA,NA,NA,NA,NA,NA,NA,NA,3,8:19,8:21,7.42787934,5.140238897,2.287640443,0.204810212,81,-1.548672566
431,SOSP28,2021,right,IN,2500,N,3204098657,1281639.463,3.171,68.568,_B4_s2_right-1.tif,F8,28,NPY5R,26.86917305,26.9847908,0.163509548,C8,ACTB,20.81090164,20.74119186,0.098583162,2021,21-03-22,8:16,Rural,Stream,NA,NA,NA,NA,NA,NA,NA,NA,NA,NA,NA,NA,NA,NA,NA,NA,NA,NA,NA,3,8:19,8:21,6.24359894,2.893625639,3.349973301,0.098074827,81,-1.548672566
432,SOSP28,2021,right,IN,2500,N,3204098657,1281639.463,3.171,68.568,_B4_s2_right-1.tif,F8,28,NPY2R,27.16422272,27.27148819,0.151694939,C8,ACTB,20.81090164,20.74119186,0.098583162,2021,21-03-22,8:16,Rural,Stream,NA,NA,NA,NA,NA,NA,NA,NA,NA,NA,NA,NA,NA,NA,NA,NA,NA,NA,NA,3,8:19,8:21,6.53029633,6.579880107,-0.049583777,1.034966289,81,-1.548672566
433,SOSP28,2021,left,IN,2583,Y,3871940064,1499008.929,3.832,68.49,_B4_s2_leIN-1.tif,H4,28,NPY,21.2886734,21.20524979,0.117978804,C8,ACTB,20.81090164,20.74119186,0.098583162,2021,21-03-22,8:16,Rural,Stream,NA,NA,NA,NA,NA,NA,NA,NA,NA,NA,NA,NA,NA,NA,NA,NA,NA,NA,NA,3,8:19,8:21,0.46405793,1.836385207,-1.372327277,2.588878533,81,-1.548672566
434,SOSP28,2021,left,IN,2583,N,3871940064,1499008.929,3.832,68.49,_B4_s2_leIN-1.tif,A8,28,NPY1R,28.41856956,28.1690712,0.35284397,C8,ACTB,20.81090164,20.74119186,0.098583162,2021,21-03-22,8:16,Rural,Stream,NA,NA,NA,NA,NA,NA,NA,NA,NA,NA,NA,NA,NA,NA,NA,NA,NA,NA,NA,3,8:19,8:21,7.42787934,5.140238897,2.287640443,0.204810212,81,-1.548672566
435,SOSP28,2021,left,IN,2583,N,3871940064,1499008.929,3.832,68.49,_B4_s2_leIN-1.tif,F8,28,NPY5R,26.86917305,26.9847908,0.163509548,C8,ACTB,20.81090164,20.74119186,0.098583162,2021,21-03-22,8:16,Rural,Stream,NA,NA,NA,NA,NA,NA,NA,NA,NA,NA,NA,NA,NA,NA,NA,NA,NA,NA,NA,3,8:19,8:21,6.24359894,2.893625639,3.349973301,0.098074827,81,-1.548672566
436,SOSP28,2021,left,IN,2583,N,3871940064,1499008.929,3.832,68.49,_B4_s2_leIN-1.tif,F8,28,NPY2R,27.16422272,27.27148819,0.151694939,C8,ACTB,20.81090164,20.74119186,0.098583162,2021,21-03-22,8:16,Rural,Stream,NA,NA,NA,NA,NA,NA,NA,NA,NA,NA,NA,NA,NA,NA,NA,NA,NA,NA,NA,3,8:19,8:21,6.53029633,6.579880107,-0.049583777,1.034966289,81,-1.548672566
437,SOSP28,2021,right,PVN,1830,Y,2752150634,1503907.45,2.723,69.076,_B4_s2_right-1.tif,H4,28,NPY,21.2886734,21.20524979,0.117978804,C8,ACTB,20.81090164,20.74119186,0.098583162,2021,21-03-22,8:16,Rural,Stream,NA,NA,NA,NA,NA,NA,NA,NA,NA,NA,NA,NA,NA,NA,NA,NA,NA,NA,NA,3,8:19,8:21,0.46405793,1.836385207,-1.372327277,2.588878533,81,-1.548672566
438,SOSP28,2021,right,PVN,1830,N,2752150634,1503907.45,2.723,69.076,_B4_s2_right-1.tif,A8,28,NPY1R,28.41856956,28.1690712,0.35284397,C8,ACTB,20.81090164,20.74119186,0.098583162,2021,21-03-22,8:16,Rural,Stream,NA,NA,NA,NA,NA,NA,NA,NA,NA,NA,NA,NA,NA,NA,NA,NA,NA,NA,NA,3,8:19,8:21,7.42787934,5.140238897,2.287640443,0.204810212,81,-1.548672566
439,SOSP28,2021,right,PVN,1830,N,2752150634,1503907.45,2.723,69.076,_B4_s2_right-1.tif,F8,28,NPY5R,26.86917305,26.9847908,0.163509548,C8,ACTB,20.81090164,20.74119186,0.098583162,2021,21-03-22,8:16,Rural,Stream,NA,NA,NA,NA,NA,NA,NA,NA,NA,NA,NA,NA,NA,NA,NA,NA,NA,NA,NA,3,8:19,8:21,6.24359894,2.893625639,3.349973301,0.098074827,81,-1.548672566
440,SOSP28,2021,right,PVN,1830,N,2752150634,1503907.45,2.723,69.076,_B4_s2_right-1.tif,F8,28,NPY2R,27.16422272,27.27148819,0.151694939,C8,ACTB,20.81090164,20.74119186,0.098583162,2021,21-03-22,8:16,Rural,Stream,NA,NA,NA,NA,NA,NA,NA,NA,NA,NA,NA,NA,NA,NA,NA,NA,NA,NA,NA,3,8:19,8:21,6.53029633,6.579880107,-0.049583777,1.034966289,81,-1.548672566
441,SOSP29,2021,right,IN,3675,Y,9121845563,2482134.847,9.027,65.773,_A5_s1_right-1.tif,F6,29,NPY2R,27.64731407,27.79444885,0.208080009,F8,ACTB,22.0744381,22.19191742,0.166142196,2021,21-03-22,8:54,Urban,SVT,NA,NA,NA,NA,NA,NA,NA,NA,NA,NA,NA,NA,NA,NA,NA,NA,NA,NA,NA,2,8:56,8:58,5.60253143,6.579880107,-0.977348677,1.968843826,81,-1.548672566
442,SOSP29,2021,right,IN,3675,N,9121845563,2482134.847,9.027,65.773,_A5_s1_right-1.tif,F6,29,NPY5R,27.72772026,27.70391273,0.033668924,F8,ACTB,22.0744381,22.19191742,0.166142196,2021,21-03-22,8:54,Urban,SVT,NA,NA,NA,NA,NA,NA,NA,NA,NA,NA,NA,NA,NA,NA,NA,NA,NA,NA,NA,2,8:56,8:58,5.51199531,2.893625639,2.618369671,0.16285166,81,-1.548672566
443,SOSP29,2021,right,IN,3675,N,9121845563,2482134.847,9.027,65.773,_A5_s1_right-1.tif,F4,29,NPY,24.93199921,24.88999939,0.059395362,F8,ACTB,22.0744381,22.19191742,0.166142196,2021,21-03-22,8:54,Urban,SVT,NA,NA,NA,NA,NA,NA,NA,NA,NA,NA,NA,NA,NA,NA,NA,NA,NA,NA,NA,2,8:56,8:58,2.69808197,1.836385207,0.861696763,0.55030496,81,-1.548672566
444,SOSP29,2021,left,IN,3991,Y,8823277056,2210793.549,8.731,66.133,_A5_s1_leIN-1.tif,F6,29,NPY2R,27.64731407,27.79444885,0.208080009,F8,ACTB,22.0744381,22.19191742,0.166142196,2021,21-03-22,8:54,Urban,SVT,NA,NA,NA,NA,NA,NA,NA,NA,NA,NA,NA,NA,NA,NA,NA,NA,NA,NA,NA,2,8:56,8:58,5.60253143,6.579880107,-0.977348677,1.968843826,81,-1.548672566
445,SOSP29,2021,left,IN,3991,N,8823277056,2210793.549,8.731,66.133,_A5_s1_leIN-1.tif,F6,29,NPY5R,27.72772026,27.70391273,0.033668924,F8,ACTB,22.0744381,22.19191742,0.166142196,2021,21-03-22,8:54,Urban,SVT,NA,NA,NA,NA,NA,NA,NA,NA,NA,NA,NA,NA,NA,NA,NA,NA,NA,NA,NA,2,8:56,8:58,5.51199531,2.893625639,2.618369671,0.16285166,81,-1.548672566
446,SOSP29,2021,left,IN,3991,N,8823277056,2210793.549,8.731,66.133,_A5_s1_leIN-1.tif,F4,29,NPY,24.93199921,24.88999939,0.059395362,F8,ACTB,22.0744381,22.19191742,0.166142196,2021,21-03-22,8:54,Urban,SVT,NA,NA,NA,NA,NA,NA,NA,NA,NA,NA,NA,NA,NA,NA,NA,NA,NA,NA,NA,2,8:56,8:58,2.69808197,1.836385207,0.861696763,0.55030496,81,-1.548672566
447,SOSP29,2021,left,PVN,2365,Y,3574001587,1511205.745,3.537,65.631,_A5_s1_lePVN-1.tif,F6,29,NPY2R,27.64731407,27.79444885,0.208080009,F8,ACTB,22.0744381,22.19191742,0.166142196,2021,21-03-22,8:54,Urban,SVT,NA,NA,NA,NA,NA,NA,NA,NA,NA,NA,NA,NA,NA,NA,NA,NA,NA,NA,NA,2,8:56,8:58,5.60253143,6.579880107,-0.977348677,1.968843826,81,-1.548672566
448,SOSP29,2021,left,PVN,2365,N,3574001587,1511205.745,3.537,65.631,_A5_s1_lePVN-1.tif,F6,29,NPY5R,27.72772026,27.70391273,0.033668924,F8,ACTB,22.0744381,22.19191742,0.166142196,2021,21-03-22,8:54,Urban,SVT,NA,NA,NA,NA,NA,NA,NA,NA,NA,NA,NA,NA,NA,NA,NA,NA,NA,NA,NA,2,8:56,8:58,5.51199531,2.893625639,2.618369671,0.16285166,81,-1.548672566
449,SOSP29,2021,left,PVN,2365,N,3574001587,1511205.745,3.537,65.631,_A5_s1_lePVN-1.tif,F4,29,NPY,24.93199921,24.88999939,0.059395362,F8,ACTB,22.0744381,22.19191742,0.166142196,2021,21-03-22,8:54,Urban,SVT,NA,NA,NA,NA,NA,NA,NA,NA,NA,NA,NA,NA,NA,NA,NA,NA,NA,NA,NA,2,8:56,8:58,2.69808197,1.836385207,0.861696763,0.55030496,81,-1.548672566
450,SOSP29,2021,right,PVN,2153,Y,3287193804,1526796.936,3.253,65.524,_A5_s1_right-1.tif,F6,29,NPY2R,27.64731407,27.79444885,0.208080009,F8,ACTB,22.0744381,22.19191742,0.166142196,2021,21-03-22,8:54,Urban,SVT,NA,NA,NA,NA,NA,NA,NA,NA,NA,NA,NA,NA,NA,NA,NA,NA,NA,NA,NA,2,8:56,8:58,5.60253143,6.579880107,-0.977348677,1.968843826,81,-1.548672566
451,SOSP29,2021,right,PVN,2153,N,3287193804,1526796.936,3.253,65.524,_A5_s1_right-1.tif,F6,29,NPY5R,27.72772026,27.70391273,0.033668924,F8,ACTB,22.0744381,22.19191742,0.166142196,2021,21-03-22,8:54,Urban,SVT,NA,NA,NA,NA,NA,NA,NA,NA,NA,NA,NA,NA,NA,NA,NA,NA,NA,NA,NA,2,8:56,8:58,5.51199531,2.893625639,2.618369671,0.16285166,81,-1.548672566
452,SOSP29,2021,right,PVN,2153,N,3287193804,1526796.936,3.253,65.524,_A5_s1_right-1.tif,F4,29,NPY,24.93199921,24.88999939,0.059395362,F8,ACTB,22.0744381,22.19191742,0.166142196,2021,21-03-22,8:54,Urban,SVT,NA,NA,NA,NA,NA,NA,NA,NA,NA,NA,NA,NA,NA,NA,NA,NA,NA,NA,NA,2,8:56,8:58,2.69808197,1.836385207,0.861696763,0.55030496,81,-1.548672566