,Well.x,SAMPLE,GENE.x,ct,ct.mean,ct.sd,Well.y,GENE.y,actb._C,actb.mean,actb.SD,ID,Year,Date,Time,Habitat,Location,Distance..m.,No..Broadcast.Songs,No..soft.songs,Wing.wave,Score.person,TRIAL,mal.agg.score.no.b.PC1,mal.agg.score.no.b.PC2,mal.agg.score.no.b.PC3,mass,fat,cp,head,bill.width,bill.depth,bill.length,tarsus,wing.chord,tail,Playback.exposure..mins.,Sacrifice.Time,Brain.on.Ice
12,C8,1,NPY5R,19.57708931,19.54529572,0.044962931,H8,ACTB,20.69981384,20.69495392,0.00687432,SOSP01,2021,3/13/21,NA,Urban,NVT,NA,NA,NA,NA,NA,NA,NA,NA,NA,NA,NA,NA,NA,NA,NA,NA,NA,NA,NA,NA,NA,10 mins
44,H8,1,ACTB,20.69981384,20.69495392,0.00687432,H8,ACTB,20.69981384,20.69495392,0.00687432,SOSP01,2021,3/13/21,NA,Urban,NVT,NA,NA,NA,NA,NA,NA,NA,NA,NA,NA,NA,NA,NA,NA,NA,NA,NA,NA,NA,NA,NA,10 mins
84,D10,1,NPY,21.97762299,21.92843246,0.0695659,H8,ACTB,20.69981384,20.69495392,0.00687432,SOSP01,2021,3/13/21,NA,Urban,NVT,NA,NA,NA,NA,NA,NA,NA,NA,NA,NA,NA,NA,NA,NA,NA,NA,NA,NA,NA,NA,NA,10 mins
139,C10,1,NPY1R,24.3543911,24.56645203,0.299898088,H8,ACTB,20.69981384,20.69495392,0.00687432,SOSP01,2021,3/13/21,NA,Urban,NVT,NA,NA,NA,NA,NA,NA,NA,NA,NA,NA,NA,NA,NA,NA,NA,NA,NA,NA,NA,NA,NA,10 mins
180,C5,1,NPY2R,26.58480263,26.5037384,0.11464078,H8,ACTB,20.69981384,20.69495392,0.00687432,SOSP01,2021,3/13/21,NA,Urban,NVT,NA,NA,NA,NA,NA,NA,NA,NA,NA,NA,NA,NA,NA,NA,NA,NA,NA,NA,NA,NA,NA,10 mins
9,C10,2,NPY5R,18.96109581,19.04442978,0.117853381,D6,ACTB,19.5336647,19.56471634,0.043914992,SOSP02,2021,3/13/21,7:15,Urban,NVT,NA,NA,NA,NA,NA,NA,NA,NA,NA,NA,NA,NA,NA,NA,NA,NA,NA,NA,NA,NA,NA,7:24
13,D6,2,ACTB,19.5336647,19.56471634,0.043914992,D6,ACTB,19.5336647,19.56471634,0.043914992,SOSP02,2021,3/13/21,7:15,Urban,NVT,NA,NA,NA,NA,NA,NA,NA,NA,NA,NA,NA,NA,NA,NA,NA,NA,NA,NA,NA,NA,NA,7:24
81,A2,2,NPY,21.88918114,21.91082382,0.030608727,D6,ACTB,19.5336647,19.56471634,0.043914992,SOSP02,2021,3/13/21,7:15,Urban,NVT,NA,NA,NA,NA,NA,NA,NA,NA,NA,NA,NA,NA,NA,NA,NA,NA,NA,NA,NA,NA,NA,7:24
145,C12,2,NPY1R,24.94029999,24.85082245,0.126540348,D6,ACTB,19.5336647,19.56471634,0.043914992,SOSP02,2021,3/13/21,7:15,Urban,NVT,NA,NA,NA,NA,NA,NA,NA,NA,NA,NA,NA,NA,NA,NA,NA,NA,NA,NA,NA,NA,NA,7:24
156,C4,2,NPY2R,25.43444252,25.41711044,0.02450991,D6,ACTB,19.5336647,19.56471634,0.043914992,SOSP02,2021,3/13/21,7:15,Urban,NVT,NA,NA,NA,NA,NA,NA,NA,NA,NA,NA,NA,NA,NA,NA,NA,NA,NA,NA,NA,NA,NA,7:24
1,F12,3,ACTB,18.15014839,18.19657898,0.065662764,F12,ACTB,18.15014839,18.19657898,0.065662764,SOSP03,2021,3/13/21,8:08,Urban,SVT,NA,NA,NA,NA,NA,NA,NA,NA,NA,NA,NA,NA,NA,NA,NA,NA,NA,NA,NA,NA,NA,8:15
7,C12,3,NPY5R,18.76341248,18.72681046,0.051761724,F12,ACTB,18.15014839,18.19657898,0.065662764,SOSP03,2021,3/13/21,8:08,Urban,SVT,NA,NA,NA,NA,NA,NA,NA,NA,NA,NA,NA,NA,NA,NA,NA,NA,NA,NA,NA,NA,NA,8:15
30,A12,3,NPY,20.10489464,20.12520981,0.028728642,F12,ACTB,18.15014839,18.19657898,0.065662764,SOSP03,2021,3/13/21,8:08,Urban,SVT,NA,NA,NA,NA,NA,NA,NA,NA,NA,NA,NA,NA,NA,NA,NA,NA,NA,NA,NA,NA,NA,8:15
140,D2,3,NPY1R,24.51590157,24.58003426,0.090697318,F12,ACTB,18.15014839,18.19657898,0.065662764,SOSP03,2021,3/13/21,8:08,Urban,SVT,NA,NA,NA,NA,NA,NA,NA,NA,NA,NA,NA,NA,NA,NA,NA,NA,NA,NA,NA,NA,NA,8:15
179,C2,3,NPY2R,26.266922,26.40904617,0.200992584,F12,ACTB,18.15014839,18.19657898,0.065662764,SOSP03,2021,3/13/21,8:08,Urban,SVT,NA,NA,NA,NA,NA,NA,NA,NA,NA,NA,NA,NA,NA,NA,NA,NA,NA,NA,NA,NA,NA,8:15
6,A4,4,NPY,18.80066299,18.68087006,0.169414148,C6,ACTB,20.52020454,20.62051773,0.141865611,SOSP04,2021,3/13/21,8:40,Urban,SVT,NA,NA,NA,NA,NA,NA,NA,NA,NA,NA,NA,NA,NA,NA,NA,NA,NA,NA,NA,4,8:44,8:50
42,C6,4,ACTB,20.52020454,20.62051773,0.141865611,C6,ACTB,20.52020454,20.62051773,0.141865611,SOSP04,2021,3/13/21,8:40,Urban,SVT,NA,NA,NA,NA,NA,NA,NA,NA,NA,NA,NA,NA,NA,NA,NA,NA,NA,NA,NA,4,8:44,8:50
141,D4,4,NPY1R,24.80037689,24.64151573,0.2246636,C6,ACTB,20.52020454,20.62051773,0.141865611,SOSP04,2021,3/13/21,8:40,Urban,SVT,NA,NA,NA,NA,NA,NA,NA,NA,NA,NA,NA,NA,NA,NA,NA,NA,NA,NA,NA,4,8:44,8:50
2,C1,5,ACTB,15.4189949,18.20502663,3.940043926,C1,ACTB,15.4189949,18.20502663,3.940043926,SOSP05,2021,3/13/21,9:33,Urban,VT,NA,NA,NA,NA,NA,NA,NA,NA,NA,NA,NA,NA,NA,NA,NA,NA,NA,NA,NA,2,9:35,9:37
23,D6,6,NPY5R,19.9464035,19.98011589,0.047676515,C10,ACTB,20.74203682,20.83722305,0.134613663,SOSP06,2021,3/14/21,7:54,Rural,Stream,NA,NA,NA,NA,NA,NA,NA,NA,NA,NA,NA,NA,NA,NA,NA,NA,NA,NA,NA,3,7:57,8:00
50,C10,6,ACTB,20.74203682,20.83722305,0.134613663,C10,ACTB,20.74203682,20.83722305,0.134613663,SOSP06,2021,3/14/21,7:54,Rural,Stream,NA,NA,NA,NA,NA,NA,NA,NA,NA,NA,NA,NA,NA,NA,NA,NA,NA,NA,NA,3,7:57,8:00
97,B6,6,NPY,22.52500725,22.54304886,0.025516039,C10,ACTB,20.74203682,20.83722305,0.134613663,SOSP06,2021,3/14/21,7:54,Rural,Stream,NA,NA,NA,NA,NA,NA,NA,NA,NA,NA,NA,NA,NA,NA,NA,NA,NA,NA,NA,3,7:57,8:00
154,D8,6,NPY1R,25.37918472,25.25598145,0.174235746,C10,ACTB,20.74203682,20.83722305,0.134613663,SOSP06,2021,3/14/21,7:54,Rural,Stream,NA,NA,NA,NA,NA,NA,NA,NA,NA,NA,NA,NA,NA,NA,NA,NA,NA,NA,NA,3,7:57,8:00
166,B8,6,NPY2R,26.08753777,26.03976059,0.067567132,C10,ACTB,20.74203682,20.83722305,0.134613663,SOSP06,2021,3/14/21,7:54,Rural,Stream,NA,NA,NA,NA,NA,NA,NA,NA,NA,NA,NA,NA,NA,NA,NA,NA,NA,NA,NA,3,7:57,8:00
21,D8,7,NPY5R,19.94502449,19.93487167,0.0143596,C8,ACTB,20.55706406,20.62692261,0.098794907,SOSP07,2021,3/14/21,8:07,Rural,Stream,NA,NA,NA,NA,NA,NA,NA,NA,NA,NA,NA,NA,NA,NA,NA,NA,NA,NA,NA,3,8:10,8:17
43,C8,7,ACTB,20.55706406,20.62692261,0.098794907,C8,ACTB,20.55706406,20.62692261,0.098794907,SOSP07,2021,3/14/21,8:07,Rural,Stream,NA,NA,NA,NA,NA,NA,NA,NA,NA,NA,NA,NA,NA,NA,NA,NA,NA,NA,NA,3,8:10,8:17
64,B8,7,NPY,21.45040131,21.44886017,0.002178149,C8,ACTB,20.55706406,20.62692261,0.098794907,SOSP07,2021,3/14/21,8:07,Rural,Stream,NA,NA,NA,NA,NA,NA,NA,NA,NA,NA,NA,NA,NA,NA,NA,NA,NA,NA,NA,3,8:10,8:17
144,D10,7,NPY1R,24.68883896,24.69216537,0.004705611,C8,ACTB,20.55706406,20.62692261,0.098794907,SOSP07,2021,3/14/21,8:07,Rural,Stream,NA,NA,NA,NA,NA,NA,NA,NA,NA,NA,NA,NA,NA,NA,NA,NA,NA,NA,NA,3,8:10,8:17
153,B6,7,NPY2R,25.14644432,25.20046425,0.076395713,C8,ACTB,20.55706406,20.62692261,0.098794907,SOSP07,2021,3/14/21,8:07,Rural,Stream,NA,NA,NA,NA,NA,NA,NA,NA,NA,NA,NA,NA,NA,NA,NA,NA,NA,NA,NA,3,8:10,8:17
37,D10,8,NPY5R,20.42177391,20.47159004,0.070450649,D2,ACTB,21.09604073,21.10422134,0.011567793,SOSP08,2021,3/14/21,9:08,Rural,Stream,NA,NA,NA,NA,NA,NA,NA,NA,NA,NA,NA,NA,NA,NA,NA,NA,NA,NA,NA,2,9:10,9:15
55,D2,8,ACTB,21.09604073,21.10422134,0.011567793,D2,ACTB,21.09604073,21.10422134,0.011567793,SOSP08,2021,3/14/21,9:08,Rural,Stream,NA,NA,NA,NA,NA,NA,NA,NA,NA,NA,NA,NA,NA,NA,NA,NA,NA,NA,NA,2,9:10,9:15
108,B10,8,NPY,23.03571129,23.06864166,0.04657058,D2,ACTB,21.09604073,21.10422134,0.011567793,SOSP08,2021,3/14/21,9:08,Rural,Stream,NA,NA,NA,NA,NA,NA,NA,NA,NA,NA,NA,NA,NA,NA,NA,NA,NA,NA,NA,2,9:10,9:15
157,D12,8,NPY1R,25.66209602,25.47239494,0.268277854,D2,ACTB,21.09604073,21.10422134,0.011567793,SOSP08,2021,3/14/21,9:08,Rural,Stream,NA,NA,NA,NA,NA,NA,NA,NA,NA,NA,NA,NA,NA,NA,NA,NA,NA,NA,NA,2,9:10,9:15
226,B4,8,NPY2R,27.29735756,27.20583916,0.129426569,D2,ACTB,21.09604073,21.10422134,0.011567793,SOSP08,2021,3/14/21,9:08,Rural,Stream,NA,NA,NA,NA,NA,NA,NA,NA,NA,NA,NA,NA,NA,NA,NA,NA,NA,NA,NA,2,9:10,9:15
5,H10,11,ACTB,18.66292381,18.65204239,0.015388657,H10,ACTB,18.66292381,18.65204239,0.015388657,SOSP11,2021,3/16/21,9:45,Rural,Hert,NA,NA,NA,NA,NA,NA,NA,NA,NA,NA,NA,NA,NA,NA,NA,NA,NA,NA,NA,3,9:48,9:53
8,E4,11,NPY5R,19.05628967,19.03309631,0.032800365,H10,ACTB,18.66292381,18.65204239,0.015388657,SOSP11,2021,3/16/21,9:45,Rural,Hert,NA,NA,NA,NA,NA,NA,NA,NA,NA,NA,NA,NA,NA,NA,NA,NA,NA,NA,NA,3,9:48,9:53
102,E6,11,NPY,22.7529335,22.75770378,0.006746193,H10,ACTB,18.66292381,18.65204239,0.015388657,SOSP11,2021,3/16/21,9:45,Rural,Hert,NA,NA,NA,NA,NA,NA,NA,NA,NA,NA,NA,NA,NA,NA,NA,NA,NA,NA,NA,3,9:48,9:53
160,A10,11,NPY2R,25.66796684,25.67593575,0.011269731,H10,ACTB,18.66292381,18.65204239,0.015388657,SOSP11,2021,3/16/21,9:45,Rural,Hert,NA,NA,NA,NA,NA,NA,NA,NA,NA,NA,NA,NA,NA,NA,NA,NA,NA,NA,NA,3,9:48,9:53
3,H8,13,ACTB,18.33967781,18.33135223,0.011775493,H8,ACTB,18.33967781,18.33135223,0.011775493,SOSP13,2021,3/17/21,7:08,Rural,Kent,NA,NA,NA,NA,NA,NA,NA,NA,NA,NA,NA,NA,NA,NA,NA,NA,NA,NA,NA,3,7:11,7:16
70,A10,13,NPY,21.4710865,21.56652451,0.134969726,H8,ACTB,18.33967781,18.33135223,0.011775493,SOSP13,2021,3/17/21,7:08,Rural,Kent,NA,NA,NA,NA,NA,NA,NA,NA,NA,NA,NA,NA,NA,NA,NA,NA,NA,NA,NA,3,7:11,7:16
155,A6,13,NPY2R,25.31986618,25.35009384,0.042748369,H8,ACTB,18.33967781,18.33135223,0.011775493,SOSP13,2021,3/17/21,7:08,Rural,Kent,NA,NA,NA,NA,NA,NA,NA,NA,NA,NA,NA,NA,NA,NA,NA,NA,NA,NA,NA,3,7:11,7:16
46,E10,14,NPY5R,20.70379257,20.7592392,0.078412019,F4,ACTB,21.54092979,21.53488922,0.008541312,SOSP14,2021,3/17/21,7:19,Rural,Kent,NA,NA,NA,NA,NA,NA,NA,NA,NA,NA,NA,NA,NA,NA,NA,NA,NA,NA,NA,3,7:22,7:27
67,F4,14,ACTB,21.54092979,21.53488922,0.008541312,F4,ACTB,21.54092979,21.53488922,0.008541312,SOSP14,2021,3/17/21,7:19,Rural,Kent,NA,NA,NA,NA,NA,NA,NA,NA,NA,NA,NA,NA,NA,NA,NA,NA,NA,NA,NA,3,7:22,7:27
91,F8,14,NPY,22.45337486,22.45941544,0.008542661,F4,ACTB,21.54092979,21.53488922,0.008541312,SOSP14,2021,3/17/21,7:19,Rural,Kent,NA,NA,NA,NA,NA,NA,NA,NA,NA,NA,NA,NA,NA,NA,NA,NA,NA,NA,NA,3,7:22,7:27
169,C6,14,NPY1R,26.28504372,26.09867477,0.26356414,F4,ACTB,21.54092979,21.53488922,0.008541312,SOSP14,2021,3/17/21,7:19,Rural,Kent,NA,NA,NA,NA,NA,NA,NA,NA,NA,NA,NA,NA,NA,NA,NA,NA,NA,NA,NA,3,7:22,7:27
239,A4,14,NPY2R,27.61887741,27.43793106,0.255898118,F4,ACTB,21.54092979,21.53488922,0.008541312,SOSP14,2021,3/17/21,7:19,Rural,Kent,NA,NA,NA,NA,NA,NA,NA,NA,NA,NA,NA,NA,NA,NA,NA,NA,NA,NA,NA,3,7:22,7:27
33,G6,15,ACTB,20.1911087,20.16890335,0.031403109,G6,ACTB,20.1911087,20.16890335,0.031403109,SOSP15,2021,3/17/21,7:44,Rural,Kent,NA,NA,NA,NA,NA,NA,NA,NA,NA,NA,NA,NA,NA,NA,NA,NA,NA,NA,NA,4,7:48,7:53
107,C4,15,NPY,23.02119255,23.02551651,0.006115002,G6,ACTB,20.1911087,20.16890335,0.031403109,SOSP15,2021,3/17/21,7:44,Rural,Kent,NA,NA,NA,NA,NA,NA,NA,NA,NA,NA,NA,NA,NA,NA,NA,NA,NA,NA,NA,4,7:48,7:53
221,H10,15,NPY5R,27.18636322,27.10706329,0.112147033,G6,ACTB,20.1911087,20.16890335,0.031403109,SOSP15,2021,3/17/21,7:44,Rural,Kent,NA,NA,NA,NA,NA,NA,NA,NA,NA,NA,NA,NA,NA,NA,NA,NA,NA,NA,NA,4,7:48,7:53
316,H10,15,NPY2R,28.45099258,28.54451942,0.132266924,G6,ACTB,20.1911087,20.16890335,0.031403109,SOSP15,2021,3/17/21,7:44,Rural,Kent,NA,NA,NA,NA,NA,NA,NA,NA,NA,NA,NA,NA,NA,NA,NA,NA,NA,NA,NA,4,7:48,7:53
22,F10,16,ACTB,19.9676342,19.96055222,0.010014092,F10,ACTB,19.9676342,19.96055222,0.010014092,SOSP16,2021,3/17/21,7:57,Rural,Kent,NA,NA,NA,NA,NA,NA,NA,NA,NA,NA,NA,NA,NA,NA,NA,NA,NA,NA,NA,3,8:00,8:05
94,A4,16,NPY,22.45251656,22.48780441,0.049905915,F10,ACTB,19.9676342,19.96055222,0.010014092,SOSP16,2021,3/17/21,7:57,Rural,Kent,NA,NA,NA,NA,NA,NA,NA,NA,NA,NA,NA,NA,NA,NA,NA,NA,NA,NA,NA,3,8:00,8:05
131,C8,16,NPY1R,24.1909256,24.19013214,0.001123466,F10,ACTB,19.9676342,19.96055222,0.010014092,SOSP16,2021,3/17/21,7:57,Rural,Kent,NA,NA,NA,NA,NA,NA,NA,NA,NA,NA,NA,NA,NA,NA,NA,NA,NA,NA,NA,3,8:00,8:05
165,H8,16,NPY5R,25.85474205,25.91135406,0.080060132,F10,ACTB,19.9676342,19.96055222,0.010014092,SOSP16,2021,3/17/21,7:57,Rural,Kent,NA,NA,NA,NA,NA,NA,NA,NA,NA,NA,NA,NA,NA,NA,NA,NA,NA,NA,NA,3,8:00,8:05
178,A10,16,NPY5R,26.38111305,26.35696411,0.03415041,F10,ACTB,19.9676342,19.96055222,0.010014092,SOSP16,2021,3/17/21,7:57,Rural,Kent,NA,NA,NA,NA,NA,NA,NA,NA,NA,NA,NA,NA,NA,NA,NA,NA,NA,NA,NA,3,8:00,8:05
205,A6,16,NPY1R,26.93914795,26.86880493,0.099481396,F10,ACTB,19.9676342,19.96055222,0.010014092,SOSP16,2021,3/17/21,7:57,Rural,Kent,NA,NA,NA,NA,NA,NA,NA,NA,NA,NA,NA,NA,NA,NA,NA,NA,NA,NA,NA,3,8:00,8:05
240,H8,16,NPY2R,27.52893448,27.4803791,0.068667665,F10,ACTB,19.9676342,19.96055222,0.010014092,SOSP16,2021,3/17/21,7:57,Rural,Kent,NA,NA,NA,NA,NA,NA,NA,NA,NA,NA,NA,NA,NA,NA,NA,NA,NA,NA,NA,3,8:00,8:05
303,A8,16,NPY2R,28.17385674,28.24411011,0.099353269,F10,ACTB,19.9676342,19.96055222,0.010014092,SOSP16,2021,3/17/21,7:57,Rural,Kent,NA,NA,NA,NA,NA,NA,NA,NA,NA,NA,NA,NA,NA,NA,NA,NA,NA,NA,NA,3,8:00,8:05
14,G12,17,ACTB,19.71502495,19.62698746,0.124502465,G12,ACTB,19.71502495,19.62698746,0.124502465,SOSP17,2021,3/17/21,8:21,Rural,Kent,NA,NA,NA,NA,NA,NA,NA,NA,NA,NA,NA,NA,NA,NA,NA,NA,NA,NA,NA,3,8:24,8:29
36,G8,17,NPY,20.30593872,20.39437866,0.125072971,G12,ACTB,19.71502495,19.62698746,0.124502465,SOSP17,2021,3/17/21,8:21,Rural,Kent,NA,NA,NA,NA,NA,NA,NA,NA,NA,NA,NA,NA,NA,NA,NA,NA,NA,NA,NA,3,8:24,8:29
4,H6,18,ACTB,18.4566021,18.46193314,0.007540577,H6,ACTB,18.4566021,18.46193314,0.007540577,SOSP18,2021,3/20/21,7:33,Urban,Rad,NA,NA,NA,NA,NA,NA,NA,NA,NA,NA,NA,NA,NA,NA,NA,NA,NA,NA,NA,3,7:36,7:41
47,F6,18,NPY,20.73348236,20.76738548,0.047946256,H6,ACTB,18.4566021,18.46193314,0.007540577,SOSP18,2021,3/20/21,7:33,Urban,Rad,NA,NA,NA,NA,NA,NA,NA,NA,NA,NA,NA,NA,NA,NA,NA,NA,NA,NA,NA,3,7:36,7:41
134,C4,18,NPY1R,24.35985374,24.24537659,0.161896497,H6,ACTB,18.4566021,18.46193314,0.007540577,SOSP18,2021,3/20/21,7:33,Urban,Rad,NA,NA,NA,NA,NA,NA,NA,NA,NA,NA,NA,NA,NA,NA,NA,NA,NA,NA,NA,3,7:36,7:41
210,H4,18,NPY5R,26.93959618,26.95238113,0.018080661,H6,ACTB,18.4566021,18.46193314,0.007540577,SOSP18,2021,3/20/21,7:33,Urban,Rad,NA,NA,NA,NA,NA,NA,NA,NA,NA,NA,NA,NA,NA,NA,NA,NA,NA,NA,NA,3,7:36,7:41
279,H4,18,NPY2R,27.96570778,28.01463318,0.069192313,H6,ACTB,18.4566021,18.46193314,0.007540577,SOSP18,2021,3/20/21,7:33,Urban,Rad,NA,NA,NA,NA,NA,NA,NA,NA,NA,NA,NA,NA,NA,NA,NA,NA,NA,NA,NA,3,7:36,7:41
63,B6,27,ACTB,21.17493248,21.25666428,0.115587562,B6,ACTB,21.17493248,21.25666428,0.115587562,SOSP27,2021,3/22/21,7:58,Rural,Stream,NA,NA,NA,NA,NA,NA,NA,NA,NA,NA,NA,NA,NA,NA,NA,NA,NA,NA,NA,5,8:03,8:06
85,D12,27,NPY,22.03148079,22.0840435,0.074334905,B6,ACTB,21.17493248,21.25666428,0.115587562,SOSP27,2021,3/22/21,7:58,Rural,Stream,NA,NA,NA,NA,NA,NA,NA,NA,NA,NA,NA,NA,NA,NA,NA,NA,NA,NA,NA,5,8:03,8:06
220,F10,27,NPY2R,26.94172287,27.10267448,0.227619961,B6,ACTB,21.17493248,21.25666428,0.115587562,SOSP27,2021,3/22/21,7:58,Rural,Stream,NA,NA,NA,NA,NA,NA,NA,NA,NA,NA,NA,NA,NA,NA,NA,NA,NA,NA,NA,5,8:03,8:06
227,F10,27,NPY5R,27.0610714,27.24033356,0.253513634,B6,ACTB,21.17493248,21.25666428,0.115587562,SOSP27,2021,3/22/21,7:58,Rural,Stream,NA,NA,NA,NA,NA,NA,NA,NA,NA,NA,NA,NA,NA,NA,NA,NA,NA,NA,NA,5,8:03,8:06
45,C8,28,ACTB,20.81090164,20.74119186,0.098583162,C8,ACTB,20.81090164,20.74119186,0.098583162,SOSP28,2021,3/22/21,8:16,Rural,Stream,NA,NA,NA,NA,NA,NA,NA,NA,NA,NA,NA,NA,NA,NA,NA,NA,NA,NA,NA,3,8:19,8:21
58,H4,28,NPY,21.2886734,21.20524979,0.117978804,C8,ACTB,20.81090164,20.74119186,0.098583162,SOSP28,2021,3/22/21,8:16,Rural,Stream,NA,NA,NA,NA,NA,NA,NA,NA,NA,NA,NA,NA,NA,NA,NA,NA,NA,NA,NA,3,8:19,8:21
215,F8,28,NPY5R,26.86917305,26.9847908,0.163509548,C8,ACTB,20.81090164,20.74119186,0.098583162,SOSP28,2021,3/22/21,8:16,Rural,Stream,NA,NA,NA,NA,NA,NA,NA,NA,NA,NA,NA,NA,NA,NA,NA,NA,NA,NA,NA,3,8:19,8:21
228,F8,28,NPY2R,27.16422272,27.27148819,0.151694939,C8,ACTB,20.81090164,20.74119186,0.098583162,SOSP28,2021,3/22/21,8:16,Rural,Stream,NA,NA,NA,NA,NA,NA,NA,NA,NA,NA,NA,NA,NA,NA,NA,NA,NA,NA,NA,3,8:19,8:21
296,A8,28,NPY1R,28.41856956,28.1690712,0.35284397,C8,ACTB,20.81090164,20.74119186,0.098583162,SOSP28,2021,3/22/21,8:16,Rural,Stream,NA,NA,NA,NA,NA,NA,NA,NA,NA,NA,NA,NA,NA,NA,NA,NA,NA,NA,NA,3,8:19,8:21
88,F8,29,ACTB,22.0744381,22.19191742,0.166142196,F8,ACTB,22.0744381,22.19191742,0.166142196,SOSP29,2021,3/22/21,8:54,Urban,SVT,NA,NA,NA,NA,NA,NA,NA,NA,NA,NA,NA,NA,NA,NA,NA,NA,NA,NA,NA,2,8:56,8:58
148,F4,29,NPY,24.93199921,24.88999939,0.059395362,F8,ACTB,22.0744381,22.19191742,0.166142196,SOSP29,2021,3/22/21,8:54,Urban,SVT,NA,NA,NA,NA,NA,NA,NA,NA,NA,NA,NA,NA,NA,NA,NA,NA,NA,NA,NA,2,8:56,8:58
255,F6,29,NPY5R,27.72772026,27.70391273,0.033668924,F8,ACTB,22.0744381,22.19191742,0.166142196,SOSP29,2021,3/22/21,8:54,Urban,SVT,NA,NA,NA,NA,NA,NA,NA,NA,NA,NA,NA,NA,NA,NA,NA,NA,NA,NA,NA,2,8:56,8:58
260,F6,29,NPY2R,27.64731407,27.79444885,0.208080009,F8,ACTB,22.0744381,22.19191742,0.166142196,SOSP29,2021,3/22/21,8:54,Urban,SVT,NA,NA,NA,NA,NA,NA,NA,NA,NA,NA,NA,NA,NA,NA,NA,NA,NA,NA,NA,2,8:56,8:58
28,B8,31,ACTB,20.11962318,20.11102676,0.012155825,B8,ACTB,20.11962318,20.11102676,0.012155825,06TEF22,2022,3/27/22,7:30,Urban,Radford,10.931507,29,1,3,TEF,Early,-0.919140446,-0.775489278,0.462839416,NA,NA,NA,NA,NA,NA,NA,NA,NA,NA,71,420,720
29,B8,31,ACTB,20.11962318,20.11102676,0.012155825,B8,ACTB,20.11962318,20.11102676,0.012155825,06TEF22,2022,3/27/22,7:50,Urban,Radford,6.575342,35,0,0,TEF,Late,-0.703238935,0.342327108,-0.027810995,NA,NA,NA,NA,NA,NA,NA,NA,NA,NA,71,420,720
98,E4,31,NPY,22.55603981,22.56341553,0.01042949,B8,ACTB,20.11962318,20.11102676,0.012155825,06TEF22,2022,3/27/22,7:30,Urban,Radford,10.931507,29,1,3,TEF,Early,-0.919140446,-0.775489278,0.462839416,NA,NA,NA,NA,NA,NA,NA,NA,NA,NA,71,420,720
99,E4,31,NPY,22.55603981,22.56341553,0.01042949,B8,ACTB,20.11962318,20.11102676,0.012155825,06TEF22,2022,3/27/22,7:50,Urban,Radford,6.575342,35,0,0,TEF,Late,-0.703238935,0.342327108,-0.027810995,NA,NA,NA,NA,NA,NA,NA,NA,NA,NA,71,420,720
193,A6,31,AVTIN1,26.64453888,26.66446686,0.028182417,B8,ACTB,20.11962318,20.11102676,0.012155825,06TEF22,2022,3/27/22,7:30,Urban,Radford,10.931507,29,1,3,TEF,Early,-0.919140446,-0.775489278,0.462839416,NA,NA,NA,NA,NA,NA,NA,NA,NA,NA,71,420,720
194,A6,31,AVTIN1,26.64453888,26.66446686,0.028182417,B8,ACTB,20.11962318,20.11102676,0.012155825,06TEF22,2022,3/27/22,7:50,Urban,Radford,6.575342,35,0,0,TEF,Late,-0.703238935,0.342327108,-0.027810995,NA,NA,NA,NA,NA,NA,NA,NA,NA,NA,71,420,720
199,F2,31,NPY5R,26.76211548,26.80968475,0.067274459,B8,ACTB,20.11962318,20.11102676,0.012155825,06TEF22,2022,3/27/22,7:30,Urban,Radford,10.931507,29,1,3,TEF,Early,-0.919140446,-0.775489278,0.462839416,NA,NA,NA,NA,NA,NA,NA,NA,NA,NA,71,420,720
200,F2,31,NPY5R,26.76211548,26.80968475,0.067274459,B8,ACTB,20.11962318,20.11102676,0.012155825,06TEF22,2022,3/27/22,7:50,Urban,Radford,6.575342,35,0,0,TEF,Late,-0.703238935,0.342327108,-0.027810995,NA,NA,NA,NA,NA,NA,NA,NA,NA,NA,71,420,720
267,F2,31,NPY2R,27.87214851,27.86842918,0.005259927,B8,ACTB,20.11962318,20.11102676,0.012155825,06TEF22,2022,3/27/22,7:30,Urban,Radford,10.931507,29,1,3,TEF,Early,-0.919140446,-0.775489278,0.462839416,NA,NA,NA,NA,NA,NA,NA,NA,NA,NA,71,420,720
268,F2,31,NPY2R,27.87214851,27.86842918,0.005259927,B8,ACTB,20.11962318,20.11102676,0.012155825,06TEF22,2022,3/27/22,7:50,Urban,Radford,6.575342,35,0,0,TEF,Late,-0.703238935,0.342327108,-0.027810995,NA,NA,NA,NA,NA,NA,NA,NA,NA,NA,71,420,720
333,A6,31,AVT4R,29.1355896,29.09059525,0.063632973,B8,ACTB,20.11962318,20.11102676,0.012155825,06TEF22,2022,3/27/22,7:30,Urban,Radford,10.931507,29,1,3,TEF,Early,-0.919140446,-0.775489278,0.462839416,NA,NA,NA,NA,NA,NA,NA,NA,NA,NA,71,420,720
334,A6,31,AVT4R,29.1355896,29.09059525,0.063632973,B8,ACTB,20.11962318,20.11102676,0.012155825,06TEF22,2022,3/27/22,7:50,Urban,Radford,6.575342,35,0,0,TEF,Late,-0.703238935,0.342327108,-0.027810995,NA,NA,NA,NA,NA,NA,NA,NA,NA,NA,71,420,720
395,C2,31,AVT3R,31.01291084,30.98852539,0.034486238,B8,ACTB,20.11962318,20.11102676,0.012155825,06TEF22,2022,3/27/22,7:30,Urban,Radford,10.931507,29,1,3,TEF,Early,-0.919140446,-0.775489278,0.462839416,NA,NA,NA,NA,NA,NA,NA,NA,NA,NA,71,420,720
396,C2,31,AVT3R,31.01291084,30.98852539,0.034486238,B8,ACTB,20.11962318,20.11102676,0.012155825,06TEF22,2022,3/27/22,7:50,Urban,Radford,6.575342,35,0,0,TEF,Late,-0.703238935,0.342327108,-0.027810995,NA,NA,NA,NA,NA,NA,NA,NA,NA,NA,71,420,720
48,D8,32,ACTB,20.71311569,20.78430367,0.100674994,D8,ACTB,20.71311569,20.78430367,0.100674994,08SJL22,2022,3/25/22,9:06,Rural,Heritage,4.273973,23,0,0,SJL,Early,-0.375787892,0.821881345,-0.169614067,20.5,1,3.76,22.9,4.17,6.48,8.24,21.88,62.86,60.51,32,3300,3600
49,D8,32,ACTB,20.71311569,20.78430367,0.100674994,D8,ACTB,20.71311569,20.78430367,0.100674994,08SJL22,2022,3/25/22,9:31,Rural,Heritage,6.39726,20,0,0,SJL,Late,-0.677900462,0.379435472,-0.038783851,20.5,1,3.76,22.9,4.17,6.48,8.24,21.88,62.86,60.51,32,3300,3600
111,E6,32,NPY,23.0138092,23.08392715,0.099163108,D8,ACTB,20.71311569,20.78430367,0.100674994,08SJL22,2022,3/25/22,9:06,Rural,Heritage,4.273973,23,0,0,SJL,Early,-0.375787892,0.821881345,-0.169614067,20.5,1,3.76,22.9,4.17,6.48,8.24,21.88,62.86,60.51,32,3300,3600
112,E6,32,NPY,23.0138092,23.08392715,0.099163108,D8,ACTB,20.71311569,20.78430367,0.100674994,08SJL22,2022,3/25/22,9:31,Rural,Heritage,6.39726,20,0,0,SJL,Late,-0.677900462,0.379435472,-0.038783851,20.5,1,3.76,22.9,4.17,6.48,8.24,21.88,62.86,60.51,32,3300,3600
163,A10,32,NPY1R,25.81514359,25.86596298,0.071869478,D8,ACTB,20.71311569,20.78430367,0.100674994,08SJL22,2022,3/25/22,9:06,Rural,Heritage,4.273973,23,0,0,SJL,Early,-0.375787892,0.821881345,-0.169614067,20.5,1,3.76,22.9,4.17,6.48,8.24,21.88,62.86,60.51,32,3300,3600
164,A10,32,NPY1R,25.81514359,25.86596298,0.071869478,D8,ACTB,20.71311569,20.78430367,0.100674994,08SJL22,2022,3/25/22,9:31,Rural,Heritage,6.39726,20,0,0,SJL,Late,-0.677900462,0.379435472,-0.038783851,20.5,1,3.76,22.9,4.17,6.48,8.24,21.88,62.86,60.51,32,3300,3600
229,E12,32,NPY5R,27.28056717,27.27417946,0.009033587,D8,ACTB,20.71311569,20.78430367,0.100674994,08SJL22,2022,3/25/22,9:06,Rural,Heritage,4.273973,23,0,0,SJL,Early,-0.375787892,0.821881345,-0.169614067,20.5,1,3.76,22.9,4.17,6.48,8.24,21.88,62.86,60.51,32,3300,3600
230,E12,32,NPY5R,27.28056717,27.27417946,0.009033587,D8,ACTB,20.71311569,20.78430367,0.100674994,08SJL22,2022,3/25/22,9:31,Rural,Heritage,6.39726,20,0,0,SJL,Late,-0.677900462,0.379435472,-0.038783851,20.5,1,3.76,22.9,4.17,6.48,8.24,21.88,62.86,60.51,32,3300,3600
249,A8,32,AVTIN1,27.62262344,27.6006546,0.031069983,D8,ACTB,20.71311569,20.78430367,0.100674994,08SJL22,2022,3/25/22,9:06,Rural,Heritage,4.273973,23,0,0,SJL,Early,-0.375787892,0.821881345,-0.169614067,20.5,1,3.76,22.9,4.17,6.48,8.24,21.88,62.86,60.51,32,3300,3600
250,A8,32,AVTIN1,27.62262344,27.6006546,0.031069983,D8,ACTB,20.71311569,20.78430367,0.100674994,08SJL22,2022,3/25/22,9:31,Rural,Heritage,6.39726,20,0,0,SJL,Late,-0.677900462,0.379435472,-0.038783851,20.5,1,3.76,22.9,4.17,6.48,8.24,21.88,62.86,60.51,32,3300,3600
297,E12,32,NPY2R,28.27810097,28.1907196,0.123574562,D8,ACTB,20.71311569,20.78430367,0.100674994,08SJL22,2022,3/25/22,9:06,Rural,Heritage,4.273973,23,0,0,SJL,Early,-0.375787892,0.821881345,-0.169614067,20.5,1,3.76,22.9,4.17,6.48,8.24,21.88,62.86,60.51,32,3300,3600
298,E12,32,NPY2R,28.27810097,28.1907196,0.123574562,D8,ACTB,20.71311569,20.78430367,0.100674994,08SJL22,2022,3/25/22,9:31,Rural,Heritage,6.39726,20,0,0,SJL,Late,-0.677900462,0.379435472,-0.038783851,20.5,1,3.76,22.9,4.17,6.48,8.24,21.88,62.86,60.51,32,3300,3600
367,A8,32,AVT4R,29.98941422,29.96342087,0.036758795,D8,ACTB,20.71311569,20.78430367,0.100674994,08SJL22,2022,3/25/22,9:06,Rural,Heritage,4.273973,23,0,0,SJL,Early,-0.375787892,0.821881345,-0.169614067,20.5,1,3.76,22.9,4.17,6.48,8.24,21.88,62.86,60.51,32,3300,3600
368,A8,32,AVT4R,29.98941422,29.96342087,0.036758795,D8,ACTB,20.71311569,20.78430367,0.100674994,08SJL22,2022,3/25/22,9:31,Rural,Heritage,6.39726,20,0,0,SJL,Late,-0.677900462,0.379435472,-0.038783851,20.5,1,3.76,22.9,4.17,6.48,8.24,21.88,62.86,60.51,32,3300,3600
38,E6,33,ACTB,20.55480957,20.5700016,0.021484777,E6,ACTB,20.55480957,20.5700016,0.021484777,10IJV22,2022,4/2/22,7:21,Urban,South VT,2.493151,20,12,10,IJV,Early,2.340780459,-0.60424777,-0.669242103,20.4,1,5.65,24.1,5.98,6.52,7.68,21.3,62.91,69.75,NA,NA,NA
39,E6,33,ACTB,20.55480957,20.5700016,0.021484777,E6,ACTB,20.55480957,20.5700016,0.021484777,10IJV22,2022,4/2/22,7:50,Urban,South VT,3.917808,34,0,0,IJV,Late,-0.325110944,0.896098072,-0.191559781,20.4,1,5.65,24.1,5.98,6.52,7.68,21.3,62.91,69.75,NA,NA,NA
75,C6,33,NPY,21.62509727,21.64794159,0.03230539,E6,ACTB,20.55480957,20.5700016,0.021484777,10IJV22,2022,4/2/22,7:21,Urban,South VT,2.493151,20,12,10,IJV,Early,2.340780459,-0.60424777,-0.669242103,20.4,1,5.65,24.1,5.98,6.52,7.68,21.3,62.91,69.75,NA,NA,NA
76,C6,33,NPY,21.62509727,21.64794159,0.03230539,E6,ACTB,20.55480957,20.5700016,0.021484777,10IJV22,2022,4/2/22,7:50,Urban,South VT,3.917808,34,0,0,IJV,Late,-0.325110944,0.896098072,-0.191559781,20.4,1,5.65,24.1,5.98,6.52,7.68,21.3,62.91,69.75,NA,NA,NA
191,C8,33,NPY1R,26.6392231,26.65630531,0.024157899,E6,ACTB,20.55480957,20.5700016,0.021484777,10IJV22,2022,4/2/22,7:21,Urban,South VT,2.493151,20,12,10,IJV,Early,2.340780459,-0.60424777,-0.669242103,20.4,1,5.65,24.1,5.98,6.52,7.68,21.3,62.91,69.75,NA,NA,NA
192,C8,33,NPY1R,26.6392231,26.65630531,0.024157899,E6,ACTB,20.55480957,20.5700016,0.021484777,10IJV22,2022,4/2/22,7:50,Urban,South VT,3.917808,34,0,0,IJV,Late,-0.325110944,0.896098072,-0.191559781,20.4,1,5.65,24.1,5.98,6.52,7.68,21.3,62.91,69.75,NA,NA,NA
233,A10,33,AVTIN1,27.36048317,27.39715576,0.051862877,E6,ACTB,20.55480957,20.5700016,0.021484777,10IJV22,2022,4/2/22,7:21,Urban,South VT,2.493151,20,12,10,IJV,Early,2.340780459,-0.60424777,-0.669242103,20.4,1,5.65,24.1,5.98,6.52,7.68,21.3,62.91,69.75,NA,NA,NA
234,A10,33,AVTIN1,27.36048317,27.39715576,0.051862877,E6,ACTB,20.55480957,20.5700016,0.021484777,10IJV22,2022,4/2/22,7:50,Urban,South VT,3.917808,34,0,0,IJV,Late,-0.325110944,0.896098072,-0.191559781,20.4,1,5.65,24.1,5.98,6.52,7.68,21.3,62.91,69.75,NA,NA,NA
261,E10,33,NPY5R,27.89199448,27.83371353,0.082423054,E6,ACTB,20.55480957,20.5700016,0.021484777,10IJV22,2022,4/2/22,7:21,Urban,South VT,2.493151,20,12,10,IJV,Early,2.340780459,-0.60424777,-0.669242103,20.4,1,5.65,24.1,5.98,6.52,7.68,21.3,62.91,69.75,NA,NA,NA
262,E10,33,NPY5R,27.89199448,27.83371353,0.082423054,E6,ACTB,20.55480957,20.5700016,0.021484777,10IJV22,2022,4/2/22,7:50,Urban,South VT,3.917808,34,0,0,IJV,Late,-0.325110944,0.896098072,-0.191559781,20.4,1,5.65,24.1,5.98,6.52,7.68,21.3,62.91,69.75,NA,NA,NA
345,E10,33,NPY2R,29.22180557,29.44756317,0.319268107,E6,ACTB,20.55480957,20.5700016,0.021484777,10IJV22,2022,4/2/22,7:21,Urban,South VT,2.493151,20,12,10,IJV,Early,2.340780459,-0.60424777,-0.669242103,20.4,1,5.65,24.1,5.98,6.52,7.68,21.3,62.91,69.75,NA,NA,NA
346,E10,33,NPY2R,29.22180557,29.44756317,0.319268107,E6,ACTB,20.55480957,20.5700016,0.021484777,10IJV22,2022,4/2/22,7:50,Urban,South VT,3.917808,34,0,0,IJV,Late,-0.325110944,0.896098072,-0.191559781,20.4,1,5.65,24.1,5.98,6.52,7.68,21.3,62.91,69.75,NA,NA,NA
369,A10,33,AVT4R,29.88437271,29.99807358,0.160798654,E6,ACTB,20.55480957,20.5700016,0.021484777,10IJV22,2022,4/2/22,7:21,Urban,South VT,2.493151,20,12,10,IJV,Early,2.340780459,-0.60424777,-0.669242103,20.4,1,5.65,24.1,5.98,6.52,7.68,21.3,62.91,69.75,NA,NA,NA
370,A10,33,AVT4R,29.88437271,29.99807358,0.160798654,E6,ACTB,20.55480957,20.5700016,0.021484777,10IJV22,2022,4/2/22,7:50,Urban,South VT,3.917808,34,0,0,IJV,Late,-0.325110944,0.896098072,-0.191559781,20.4,1,5.65,24.1,5.98,6.52,7.68,21.3,62.91,69.75,NA,NA,NA
431,C4,33,AVT3R,33.36095047,33.3517189,0.013055407,E6,ACTB,20.55480957,20.5700016,0.021484777,10IJV22,2022,4/2/22,7:21,Urban,South VT,2.493151,20,12,10,IJV,Early,2.340780459,-0.60424777,-0.669242103,20.4,1,5.65,24.1,5.98,6.52,7.68,21.3,62.91,69.75,NA,NA,NA
432,C4,33,AVT3R,33.36095047,33.3517189,0.013055407,E6,ACTB,20.55480957,20.5700016,0.021484777,10IJV22,2022,4/2/22,7:50,Urban,South VT,3.917808,34,0,0,IJV,Late,-0.325110944,0.896098072,-0.191559781,20.4,1,5.65,24.1,5.98,6.52,7.68,21.3,62.91,69.75,NA,NA,NA
109,E4,34,ACTB,23.05839729,23.07230759,0.019672126,E4,ACTB,23.05839729,23.07230759,0.019672126,06SJL22,2022,3/26/22,10:00,Rural,Kentland,8.295775,4,0,0,SJL,Early,-0.948031101,-0.016172651,0.078196551,21,1,2.96,22.12,5.39,6.71,8.46,59.26,63.74,20.5,33,2700,3180
110,E4,34,ACTB,23.05839729,23.07230759,0.019672126,E4,ACTB,23.05839729,23.07230759,0.019672126,06SJL22,2022,3/22/22,10:23,Rural,Kentland,7.438356,29,0,0,SJL,Late,-0.826033076,0.16249427,0.025365158,21,1,2.96,22.12,5.39,6.71,8.46,59.26,63.74,20.5,33,2700,3180
142,E8,34,NPY,24.65077591,24.65267372,0.002683911,E4,ACTB,23.05839729,23.07230759,0.019672126,06SJL22,2022,3/26/22,10:00,Rural,Kentland,8.295775,4,0,0,SJL,Early,-0.948031101,-0.016172651,0.078196551,21,1,2.96,22.12,5.39,6.71,8.46,59.26,63.74,20.5,33,2700,3180
143,E8,34,NPY,24.65077591,24.65267372,0.002683911,E4,ACTB,23.05839729,23.07230759,0.019672126,06SJL22,2022,3/22/22,10:23,Rural,Kentland,7.438356,29,0,0,SJL,Late,-0.826033076,0.16249427,0.025365158,21,1,2.96,22.12,5.39,6.71,8.46,59.26,63.74,20.5,33,2700,3180
339,A12,34,AVTIN1,29.2891674,29.26649475,0.032065321,E4,ACTB,23.05839729,23.07230759,0.019672126,06SJL22,2022,3/26/22,10:00,Rural,Kentland,8.295775,4,0,0,SJL,Early,-0.948031101,-0.016172651,0.078196551,21,1,2.96,22.12,5.39,6.71,8.46,59.26,63.74,20.5,33,2700,3180
340,A12,34,AVTIN1,29.2891674,29.26649475,0.032065321,E4,ACTB,23.05839729,23.07230759,0.019672126,06SJL22,2022,3/22/22,10:23,Rural,Kentland,7.438356,29,0,0,SJL,Late,-0.826033076,0.16249427,0.025365158,21,1,2.96,22.12,5.39,6.71,8.46,59.26,63.74,20.5,33,2700,3180
371,E8,34,NPY5R,29.9580822,30.01553917,0.081256427,E4,ACTB,23.05839729,23.07230759,0.019672126,06SJL22,2022,3/26/22,10:00,Rural,Kentland,8.295775,4,0,0,SJL,Early,-0.948031101,-0.016172651,0.078196551,21,1,2.96,22.12,5.39,6.71,8.46,59.26,63.74,20.5,33,2700,3180
372,E8,34,NPY5R,29.9580822,30.01553917,0.081256427,E4,ACTB,23.05839729,23.07230759,0.019672126,06SJL22,2022,3/22/22,10:23,Rural,Kentland,7.438356,29,0,0,SJL,Late,-0.826033076,0.16249427,0.025365158,21,1,2.96,22.12,5.39,6.71,8.46,59.26,63.74,20.5,33,2700,3180
401,E8,34,NPY2R,31.20680428,31.07962036,0.179865211,E4,ACTB,23.05839729,23.07230759,0.019672126,06SJL22,2022,3/26/22,10:00,Rural,Kentland,8.295775,4,0,0,SJL,Early,-0.948031101,-0.016172651,0.078196551,21,1,2.96,22.12,5.39,6.71,8.46,59.26,63.74,20.5,33,2700,3180
402,E8,34,NPY2R,31.20680428,31.07962036,0.179865211,E4,ACTB,23.05839729,23.07230759,0.019672126,06SJL22,2022,3/22/22,10:23,Rural,Kentland,7.438356,29,0,0,SJL,Late,-0.826033076,0.16249427,0.025365158,21,1,2.96,22.12,5.39,6.71,8.46,59.26,63.74,20.5,33,2700,3180
429,A12,34,AVT4R,33.50486374,33.35001373,0.218993679,E4,ACTB,23.05839729,23.07230759,0.019672126,06SJL22,2022,3/26/22,10:00,Rural,Kentland,8.295775,4,0,0,SJL,Early,-0.948031101,-0.016172651,0.078196551,21,1,2.96,22.12,5.39,6.71,8.46,59.26,63.74,20.5,33,2700,3180
430,A12,34,AVT4R,33.50486374,33.35001373,0.218993679,E4,ACTB,23.05839729,23.07230759,0.019672126,06SJL22,2022,3/22/22,10:23,Rural,Kentland,7.438356,29,0,0,SJL,Late,-0.826033076,0.16249427,0.025365158,21,1,2.96,22.12,5.39,6.71,8.46,59.26,63.74,20.5,33,2700,3180
61,F8,35,ACTB,21.25430679,21.23674393,0.024836294,F8,ACTB,21.25430679,21.23674393,0.024836294,05SJL22,2022,3/22/22,7:31,Rural,Kentland,2.694444,11,10,3,SJL,Early,1.412621064,-0.198174998,-1.21888119,20.5,0,3.01,24.59,6.02,6.55,8.7,21.59,66.94,68.46,36,2940,3420
62,F8,35,ACTB,21.25430679,21.23674393,0.024836294,F8,ACTB,21.25430679,21.23674393,0.024836294,05SJL22,2022,3/22/22,7:55,Rural,Kentland,1.493151,25,0,1,SJL,Late,0.111567305,1.373502254,-0.223392182,20.5,0,3.01,24.59,6.02,6.55,8.7,21.59,66.94,68.46,36,2940,3420
119,D4,35,NPY,23.70158195,23.55954361,0.200871199,F8,ACTB,21.25430679,21.23674393,0.024836294,05SJL22,2022,3/22/22,7:31,Rural,Kentland,2.694444,11,10,3,SJL,Early,1.412621064,-0.198174998,-1.21888119,20.5,0,3.01,24.59,6.02,6.55,8.7,21.59,66.94,68.46,36,2940,3420
120,D4,35,NPY,23.70158195,23.55954361,0.200871199,F8,ACTB,21.25430679,21.23674393,0.024836294,05SJL22,2022,3/22/22,7:55,Rural,Kentland,1.493151,25,0,1,SJL,Late,0.111567305,1.373502254,-0.223392182,20.5,0,3.01,24.59,6.02,6.55,8.7,21.59,66.94,68.46,36,2940,3420
265,A12,35,NPY1R,27.83942032,27.858284,0.026678618,F8,ACTB,21.25430679,21.23674393,0.024836294,05SJL22,2022,3/22/22,7:31,Rural,Kentland,2.694444,11,10,3,SJL,Early,1.412621064,-0.198174998,-1.21888119,20.5,0,3.01,24.59,6.02,6.55,8.7,21.59,66.94,68.46,36,2940,3420
266,A12,35,NPY1R,27.83942032,27.858284,0.026678618,F8,ACTB,21.25430679,21.23674393,0.024836294,05SJL22,2022,3/22/22,7:55,Rural,Kentland,1.493151,25,0,1,SJL,Late,0.111567305,1.373502254,-0.223392182,20.5,0,3.01,24.59,6.02,6.55,8.7,21.59,66.94,68.46,36,2940,3420
282,E6,35,NPY5R,27.97097969,28.06932449,0.139080554,F8,ACTB,21.25430679,21.23674393,0.024836294,05SJL22,2022,3/22/22,7:31,Rural,Kentland,2.694444,11,10,3,SJL,Early,1.412621064,-0.198174998,-1.21888119,20.5,0,3.01,24.59,6.02,6.55,8.7,21.59,66.94,68.46,36,2940,3420
283,E6,35,NPY5R,27.97097969,28.06932449,0.139080554,F8,ACTB,21.25430679,21.23674393,0.024836294,05SJL22,2022,3/22/22,7:55,Rural,Kentland,1.493151,25,0,1,SJL,Late,0.111567305,1.373502254,-0.223392182,20.5,0,3.01,24.59,6.02,6.55,8.7,21.59,66.94,68.46,36,2940,3420
284,B2,35,AVTIN1,27.91407394,28.07014656,0.220720008,F8,ACTB,21.25430679,21.23674393,0.024836294,05SJL22,2022,3/22/22,7:31,Rural,Kentland,2.694444,11,10,3,SJL,Early,1.412621064,-0.198174998,-1.21888119,20.5,0,3.01,24.59,6.02,6.55,8.7,21.59,66.94,68.46,36,2940,3420
285,B2,35,AVTIN1,27.91407394,28.07014656,0.220720008,F8,ACTB,21.25430679,21.23674393,0.024836294,05SJL22,2022,3/22/22,7:55,Rural,Kentland,1.493151,25,0,1,SJL,Late,0.111567305,1.373502254,-0.223392182,20.5,0,3.01,24.59,6.02,6.55,8.7,21.59,66.94,68.46,36,2940,3420
329,E6,35,NPY2R,28.96223259,28.94935989,0.018203393,F8,ACTB,21.25430679,21.23674393,0.024836294,05SJL22,2022,3/22/22,7:31,Rural,Kentland,2.694444,11,10,3,SJL,Early,1.412621064,-0.198174998,-1.21888119,20.5,0,3.01,24.59,6.02,6.55,8.7,21.59,66.94,68.46,36,2940,3420
330,E6,35,NPY2R,28.96223259,28.94935989,0.018203393,F8,ACTB,21.25430679,21.23674393,0.024836294,05SJL22,2022,3/22/22,7:55,Rural,Kentland,1.493151,25,0,1,SJL,Late,0.111567305,1.373502254,-0.223392182,20.5,0,3.01,24.59,6.02,6.55,8.7,21.59,66.94,68.46,36,2940,3420
383,B2,35,AVT4R,30.43555069,30.49171257,0.079424895,F8,ACTB,21.25430679,21.23674393,0.024836294,05SJL22,2022,3/22/22,7:31,Rural,Kentland,2.694444,11,10,3,SJL,Early,1.412621064,-0.198174998,-1.21888119,20.5,0,3.01,24.59,6.02,6.55,8.7,21.59,66.94,68.46,36,2940,3420
384,B2,35,AVT4R,30.43555069,30.49171257,0.079424895,F8,ACTB,21.25430679,21.23674393,0.024836294,05SJL22,2022,3/22/22,7:55,Rural,Kentland,1.493151,25,0,1,SJL,Late,0.111567305,1.373502254,-0.223392182,20.5,0,3.01,24.59,6.02,6.55,8.7,21.59,66.94,68.46,36,2940,3420
427,B2,35,AVT3R,32.6330452,32.82423401,0.270381808,F8,ACTB,21.25430679,21.23674393,0.024836294,05SJL22,2022,3/22/22,7:31,Rural,Kentland,2.694444,11,10,3,SJL,Early,1.412621064,-0.198174998,-1.21888119,20.5,0,3.01,24.59,6.02,6.55,8.7,21.59,66.94,68.46,36,2940,3420
428,B2,35,AVT3R,32.6330452,32.82423401,0.270381808,F8,ACTB,21.25430679,21.23674393,0.024836294,05SJL22,2022,3/22/22,7:55,Rural,Kentland,1.493151,25,0,1,SJL,Late,0.111567305,1.373502254,-0.223392182,20.5,0,3.01,24.59,6.02,6.55,8.7,21.59,66.94,68.46,36,2940,3420
53,F10,36,ACTB,20.84293747,20.87208557,0.04122299,F10,ACTB,20.84293747,20.87208557,0.04122299,10SJL22,2022,4/1/22,7:06,Rural,Heritage,1.547945,6,1,7,SJL,Early,0.782742944,1.068474193,0.354923327,21,0,4.42,20.65,5.66,6.2,8.13,20.98,67.43,59.2,34,3060,3420
54,F10,36,ACTB,20.84293747,20.87208557,0.04122299,F10,ACTB,20.84293747,20.87208557,0.04122299,10SJL22,2022,4/1/22,7:31,Rural,Heritage,1.561644,22,1,1,SJL,Late,0.230682718,1.23266246,-0.349636195,21,0,4.42,20.65,5.66,6.2,8.13,20.98,67.43,59.2,34,3060,3420
115,D6,36,NPY,23.60733986,23.49436951,0.159765557,F10,ACTB,20.84293747,20.87208557,0.04122299,10SJL22,2022,4/1/22,7:06,Rural,Heritage,1.547945,6,1,7,SJL,Early,0.782742944,1.068474193,0.354923327,21,0,4.42,20.65,5.66,6.2,8.13,20.98,67.43,59.2,34,3060,3420
116,D6,36,NPY,23.60733986,23.49436951,0.159765557,F10,ACTB,20.84293747,20.87208557,0.04122299,10SJL22,2022,4/1/22,7:31,Rural,Heritage,1.561644,22,1,1,SJL,Late,0.230682718,1.23266246,-0.349636195,21,0,4.42,20.65,5.66,6.2,8.13,20.98,67.43,59.2,34,3060,3420
231,B2,36,NPY1R,27.0948143,27.28684807,0.271576762,F10,ACTB,20.84293747,20.87208557,0.04122299,10SJL22,2022,4/1/22,7:06,Rural,Heritage,1.547945,6,1,7,SJL,Early,0.782742944,1.068474193,0.354923327,21,0,4.42,20.65,5.66,6.2,8.13,20.98,67.43,59.2,34,3060,3420
232,B2,36,NPY1R,27.0948143,27.28684807,0.271576762,F10,ACTB,20.84293747,20.87208557,0.04122299,10SJL22,2022,4/1/22,7:31,Rural,Heritage,1.561644,22,1,1,SJL,Late,0.230682718,1.23266246,-0.349636195,21,0,4.42,20.65,5.66,6.2,8.13,20.98,67.43,59.2,34,3060,3420
251,E4,36,NPY5R,27.6039772,27.62757683,0.033374909,F10,ACTB,20.84293747,20.87208557,0.04122299,10SJL22,2022,4/1/22,7:06,Rural,Heritage,1.547945,6,1,7,SJL,Early,0.782742944,1.068474193,0.354923327,21,0,4.42,20.65,5.66,6.2,8.13,20.98,67.43,59.2,34,3060,3420
252,E4,36,NPY5R,27.6039772,27.62757683,0.033374909,F10,ACTB,20.84293747,20.87208557,0.04122299,10SJL22,2022,4/1/22,7:31,Rural,Heritage,1.561644,22,1,1,SJL,Late,0.230682718,1.23266246,-0.349636195,21,0,4.42,20.65,5.66,6.2,8.13,20.98,67.43,59.2,34,3060,3420
271,B4,36,AVTIN1,28.05214691,27.9269371,0.177073404,F10,ACTB,20.84293747,20.87208557,0.04122299,10SJL22,2022,4/1/22,7:06,Rural,Heritage,1.547945,6,1,7,SJL,Early,0.782742944,1.068474193,0.354923327,21,0,4.42,20.65,5.66,6.2,8.13,20.98,67.43,59.2,34,3060,3420
272,B4,36,AVTIN1,28.05214691,27.9269371,0.177073404,F10,ACTB,20.84293747,20.87208557,0.04122299,10SJL22,2022,4/1/22,7:31,Rural,Heritage,1.561644,22,1,1,SJL,Late,0.230682718,1.23266246,-0.349636195,21,0,4.42,20.65,5.66,6.2,8.13,20.98,67.43,59.2,34,3060,3420
331,E4,36,NPY2R,28.85828018,28.95453262,0.136120156,F10,ACTB,20.84293747,20.87208557,0.04122299,10SJL22,2022,4/1/22,7:06,Rural,Heritage,1.547945,6,1,7,SJL,Early,0.782742944,1.068474193,0.354923327,21,0,4.42,20.65,5.66,6.2,8.13,20.98,67.43,59.2,34,3060,3420
332,E4,36,NPY2R,28.85828018,28.95453262,0.136120156,F10,ACTB,20.84293747,20.87208557,0.04122299,10SJL22,2022,4/1/22,7:31,Rural,Heritage,1.561644,22,1,1,SJL,Late,0.230682718,1.23266246,-0.349636195,21,0,4.42,20.65,5.66,6.2,8.13,20.98,67.43,59.2,34,3060,3420
405,B4,36,AVT4R,31.20632362,31.21005249,0.005273414,F10,ACTB,20.84293747,20.87208557,0.04122299,10SJL22,2022,4/1/22,7:06,Rural,Heritage,1.547945,6,1,7,SJL,Early,0.782742944,1.068474193,0.354923327,21,0,4.42,20.65,5.66,6.2,8.13,20.98,67.43,59.2,34,3060,3420
406,B4,36,AVT4R,31.20632362,31.21005249,0.005273414,F10,ACTB,20.84293747,20.87208557,0.04122299,10SJL22,2022,4/1/22,7:31,Rural,Heritage,1.561644,22,1,1,SJL,Late,0.230682718,1.23266246,-0.349636195,21,0,4.42,20.65,5.66,6.2,8.13,20.98,67.43,59.2,34,3060,3420
421,B4,36,AVT3R,32.42489243,32.23720169,0.265434772,F10,ACTB,20.84293747,20.87208557,0.04122299,10SJL22,2022,4/1/22,7:06,Rural,Heritage,1.547945,6,1,7,SJL,Early,0.782742944,1.068474193,0.354923327,21,0,4.42,20.65,5.66,6.2,8.13,20.98,67.43,59.2,34,3060,3420
422,B4,36,AVT3R,32.42489243,32.23720169,0.265434772,F10,ACTB,20.84293747,20.87208557,0.04122299,10SJL22,2022,4/1/22,7:31,Rural,Heritage,1.561644,22,1,1,SJL,Late,0.230682718,1.23266246,-0.349636195,21,0,4.42,20.65,5.66,6.2,8.13,20.98,67.43,59.2,34,3060,3420
51,D8,37,NPY,20.79611206,20.85025215,0.076565653,A12,ACTB,21.2016964,21.2182312,0.023383746,10TEF22,2022,4/2/22,9:40,Rural,Stream,8.356164,17,1,3,TEF,Early,-0.552707135,-0.238845252,0.304155025,21.3,NA,NA,NA,NA,NA,NA,NA,NA,NA,NA,38400,38760
52,D8,37,NPY,20.79611206,20.85025215,0.076565653,A12,ACTB,21.2016964,21.2182312,0.023383746,10TEF22,2022,4/2/22,10:02,Rural,Stream,10.684932,11,0,2,TEF,Late,-1.104602571,-0.569700662,0.460543308,21.3,NA,NA,NA,NA,NA,NA,NA,NA,NA,NA,38400,38760
59,A12,37,ACTB,21.2016964,21.2182312,0.023383746,A12,ACTB,21.2016964,21.2182312,0.023383746,10TEF22,2022,4/2/22,9:40,Rural,Stream,8.356164,17,1,3,TEF,Early,-0.552707135,-0.238845252,0.304155025,21.3,NA,NA,NA,NA,NA,NA,NA,NA,NA,NA,38400,38760
60,A12,37,ACTB,21.2016964,21.2182312,0.023383746,A12,ACTB,21.2016964,21.2182312,0.023383746,10TEF22,2022,4/2/22,10:02,Rural,Stream,10.684932,11,0,2,TEF,Late,-1.104602571,-0.569700662,0.460543308,21.3,NA,NA,NA,NA,NA,NA,NA,NA,NA,NA,38400,38760
292,E2,37,NPY5R,28.10886765,28.16038895,0.072863474,A12,ACTB,21.2016964,21.2182312,0.023383746,10TEF22,2022,4/2/22,9:40,Rural,Stream,8.356164,17,1,3,TEF,Early,-0.552707135,-0.238845252,0.304155025,21.3,NA,NA,NA,NA,NA,NA,NA,NA,NA,NA,38400,38760
293,E2,37,NPY5R,28.10886765,28.16038895,0.072863474,A12,ACTB,21.2016964,21.2182312,0.023383746,10TEF22,2022,4/2/22,10:02,Rural,Stream,10.684932,11,0,2,TEF,Late,-1.104602571,-0.569700662,0.460543308,21.3,NA,NA,NA,NA,NA,NA,NA,NA,NA,NA,38400,38760
294,B6,37,AVTIN1,28.15987396,28.16398621,0.005814242,A12,ACTB,21.2016964,21.2182312,0.023383746,10TEF22,2022,4/2/22,9:40,Rural,Stream,8.356164,17,1,3,TEF,Early,-0.552707135,-0.238845252,0.304155025,21.3,NA,NA,NA,NA,NA,NA,NA,NA,NA,NA,38400,38760
295,B6,37,AVTIN1,28.15987396,28.16398621,0.005814242,A12,ACTB,21.2016964,21.2182312,0.023383746,10TEF22,2022,4/2/22,10:02,Rural,Stream,10.684932,11,0,2,TEF,Late,-1.104602571,-0.569700662,0.460543308,21.3,NA,NA,NA,NA,NA,NA,NA,NA,NA,NA,38400,38760
321,B6,37,AVT4R,28.57108116,28.69447327,0.174501434,A12,ACTB,21.2016964,21.2182312,0.023383746,10TEF22,2022,4/2/22,9:40,Rural,Stream,8.356164,17,1,3,TEF,Early,-0.552707135,-0.238845252,0.304155025,21.3,NA,NA,NA,NA,NA,NA,NA,NA,NA,NA,38400,38760
322,B6,37,AVT4R,28.57108116,28.69447327,0.174501434,A12,ACTB,21.2016964,21.2182312,0.023383746,10TEF22,2022,4/2/22,10:02,Rural,Stream,10.684932,11,0,2,TEF,Late,-1.104602571,-0.569700662,0.460543308,21.3,NA,NA,NA,NA,NA,NA,NA,NA,NA,NA,38400,38760
377,E2,37,NPY2R,29.93490982,30.15682983,0.313840956,A12,ACTB,21.2016964,21.2182312,0.023383746,10TEF22,2022,4/2/22,9:40,Rural,Stream,8.356164,17,1,3,TEF,Early,-0.552707135,-0.238845252,0.304155025,21.3,NA,NA,NA,NA,NA,NA,NA,NA,NA,NA,38400,38760
378,E2,37,NPY2R,29.93490982,30.15682983,0.313840956,A12,ACTB,21.2016964,21.2182312,0.023383746,10TEF22,2022,4/2/22,10:02,Rural,Stream,10.684932,11,0,2,TEF,Late,-1.104602571,-0.569700662,0.460543308,21.3,NA,NA,NA,NA,NA,NA,NA,NA,NA,NA,38400,38760
65,E12,38,ACTB,21.54802704,21.47690964,0.100573845,E12,ACTB,21.54802704,21.47690964,0.100573845,01SJL22,2022,3/15/22,7:50,Rural,Stream,5.227848,31,0,1,SJL,Early,-0.419825144,0.595274471,0.006727964,NA,NA,NA,NA,NA,NA,NA,NA,NA,NA,37,3120,3360
66,E12,38,ACTB,21.54802704,21.47690964,0.100573845,E12,ACTB,21.54802704,21.47690964,0.100573845,01SJL22,2022,3/15/22,8:14,Rural,Stream,5.424658,36,0,0,SJL,Late,-0.539513413,0.582104227,-0.098712531,NA,NA,NA,NA,NA,NA,NA,NA,NA,NA,37,3120,3360
117,C4,38,NPY,23.50457382,23.50592422,0.001911107,E12,ACTB,21.54802704,21.47690964,0.100573845,01SJL22,2022,3/15/22,7:50,Rural,Stream,5.227848,31,0,1,SJL,Early,-0.419825144,0.595274471,0.006727964,NA,NA,NA,NA,NA,NA,NA,NA,NA,NA,37,3120,3360
118,C4,38,NPY,23.50457382,23.50592422,0.001911107,E12,ACTB,21.54802704,21.47690964,0.100573845,01SJL22,2022,3/15/22,8:14,Rural,Stream,5.424658,36,0,0,SJL,Late,-0.539513413,0.582104227,-0.098712531,NA,NA,NA,NA,NA,NA,NA,NA,NA,NA,37,3120,3360
123,E8,38,NPY,24.00811005,23.80801773,0.28297326,E12,ACTB,21.54802704,21.47690964,0.100573845,01SJL22,2022,3/15/22,7:50,Rural,Stream,5.227848,31,0,1,SJL,Early,-0.419825144,0.595274471,0.006727964,NA,NA,NA,NA,NA,NA,NA,NA,NA,NA,37,3120,3360
124,E8,38,NPY,24.00811005,23.80801773,0.28297326,E12,ACTB,21.54802704,21.47690964,0.100573845,01SJL22,2022,3/15/22,8:14,Rural,Stream,5.424658,36,0,0,SJL,Late,-0.539513413,0.582104227,-0.098712531,NA,NA,NA,NA,NA,NA,NA,NA,NA,NA,37,3120,3360
211,C10,38,NPY5R,26.9395771,26.97256851,0.046656899,E12,ACTB,21.54802704,21.47690964,0.100573845,01SJL22,2022,3/15/22,7:50,Rural,Stream,5.227848,31,0,1,SJL,Early,-0.419825144,0.595274471,0.006727964,NA,NA,NA,NA,NA,NA,NA,NA,NA,NA,37,3120,3360
212,C10,38,NPY5R,26.9395771,26.97256851,0.046656899,E12,ACTB,21.54802704,21.47690964,0.100573845,01SJL22,2022,3/15/22,8:14,Rural,Stream,5.424658,36,0,0,SJL,Late,-0.539513413,0.582104227,-0.098712531,NA,NA,NA,NA,NA,NA,NA,NA,NA,NA,37,3120,3360
247,C6,38,NPY1R,27.73945999,27.57316589,0.146244898,E12,ACTB,21.54802704,21.47690964,0.100573845,01SJL22,2022,3/15/22,7:50,Rural,Stream,5.227848,31,0,1,SJL,Early,-0.419825144,0.595274471,0.006727964,NA,NA,NA,NA,NA,NA,NA,NA,NA,NA,37,3120,3360
248,C6,38,NPY1R,27.73945999,27.57316589,0.146244898,E12,ACTB,21.54802704,21.47690964,0.100573845,01SJL22,2022,3/15/22,8:14,Rural,Stream,5.424658,36,0,0,SJL,Late,-0.539513413,0.582104227,-0.098712531,NA,NA,NA,NA,NA,NA,NA,NA,NA,NA,37,3120,3360
275,B8,38,AVTIN1,27.85978317,27.97322655,0.160433158,E12,ACTB,21.54802704,21.47690964,0.100573845,01SJL22,2022,3/15/22,7:50,Rural,Stream,5.227848,31,0,1,SJL,Early,-0.419825144,0.595274471,0.006727964,NA,NA,NA,NA,NA,NA,NA,NA,NA,NA,37,3120,3360
276,B8,38,AVTIN1,27.85978317,27.97322655,0.160433158,E12,ACTB,21.54802704,21.47690964,0.100573845,01SJL22,2022,3/15/22,8:14,Rural,Stream,5.424658,36,0,0,SJL,Late,-0.539513413,0.582104227,-0.098712531,NA,NA,NA,NA,NA,NA,NA,NA,NA,NA,37,3120,3360
277,D12,38,NPY5R,27.8673439,28.00464439,0.194172218,E12,ACTB,21.54802704,21.47690964,0.100573845,01SJL22,2022,3/15/22,7:50,Rural,Stream,5.227848,31,0,1,SJL,Early,-0.419825144,0.595274471,0.006727964,NA,NA,NA,NA,NA,NA,NA,NA,NA,NA,37,3120,3360
278,D12,38,NPY5R,27.8673439,28.00464439,0.194172218,E12,ACTB,21.54802704,21.47690964,0.100573845,01SJL22,2022,3/15/22,8:14,Rural,Stream,5.424658,36,0,0,SJL,Late,-0.539513413,0.582104227,-0.098712531,NA,NA,NA,NA,NA,NA,NA,NA,NA,NA,37,3120,3360
347,C8,38,NPY2R,29.34683609,29.49455643,0.208906755,E12,ACTB,21.54802704,21.47690964,0.100573845,01SJL22,2022,3/15/22,7:50,Rural,Stream,5.227848,31,0,1,SJL,Early,-0.419825144,0.595274471,0.006727964,NA,NA,NA,NA,NA,NA,NA,NA,NA,NA,37,3120,3360
348,C8,38,NPY2R,29.34683609,29.49455643,0.208906755,E12,ACTB,21.54802704,21.47690964,0.100573845,01SJL22,2022,3/15/22,8:14,Rural,Stream,5.424658,36,0,0,SJL,Late,-0.539513413,0.582104227,-0.098712531,NA,NA,NA,NA,NA,NA,NA,NA,NA,NA,37,3120,3360
381,D12,38,NPY2R,30.13883972,30.37001038,0.326923341,E12,ACTB,21.54802704,21.47690964,0.100573845,01SJL22,2022,3/15/22,7:50,Rural,Stream,5.227848,31,0,1,SJL,Early,-0.419825144,0.595274471,0.006727964,NA,NA,NA,NA,NA,NA,NA,NA,NA,NA,37,3120,3360
382,D12,38,NPY2R,30.13883972,30.37001038,0.326923341,E12,ACTB,21.54802704,21.47690964,0.100573845,01SJL22,2022,3/15/22,8:14,Rural,Stream,5.424658,36,0,0,SJL,Late,-0.539513413,0.582104227,-0.098712531,NA,NA,NA,NA,NA,NA,NA,NA,NA,NA,37,3120,3360
403,B8,38,AVT4R,31.10622597,31.16612244,0.084706396,E12,ACTB,21.54802704,21.47690964,0.100573845,01SJL22,2022,3/15/22,7:50,Rural,Stream,5.227848,31,0,1,SJL,Early,-0.419825144,0.595274471,0.006727964,NA,NA,NA,NA,NA,NA,NA,NA,NA,NA,37,3120,3360
404,B8,38,AVT4R,31.10622597,31.16612244,0.084706396,E12,ACTB,21.54802704,21.47690964,0.100573845,01SJL22,2022,3/15/22,8:14,Rural,Stream,5.424658,36,0,0,SJL,Late,-0.539513413,0.582104227,-0.098712531,NA,NA,NA,NA,NA,NA,NA,NA,NA,NA,37,3120,3360
417,B8,38,AVT3R,31.9775753,31.74465942,0.329392791,E12,ACTB,21.54802704,21.47690964,0.100573845,01SJL22,2022,3/15/22,7:50,Rural,Stream,5.227848,31,0,1,SJL,Early,-0.419825144,0.595274471,0.006727964,NA,NA,NA,NA,NA,NA,NA,NA,NA,NA,37,3120,3360
418,B8,38,AVT3R,31.9775753,31.74465942,0.329392791,E12,ACTB,21.54802704,21.47690964,0.100573845,01SJL22,2022,3/15/22,8:14,Rural,Stream,5.424658,36,0,0,SJL,Late,-0.539513413,0.582104227,-0.098712531,NA,NA,NA,NA,NA,NA,NA,NA,NA,NA,37,3120,3360
31,G12,39,ACTB,20.19306564,20.16293144,0.042616196,G12,ACTB,20.19306564,20.16293144,0.042616196,04IJV22,2022,3/27/22,7:17,Urban,Radford,2.945205,29,6,8,IJV,Early,1.319923467,0.116639073,-0.0937364,20.7,2,5.43,22.83,5.16,6.98,7.05,22.3,12.47,71.42,48,29520,600
32,G12,39,ACTB,20.19306564,20.16293144,0.042616196,G12,ACTB,20.19306564,20.16293144,0.042616196,04IJV22,2022,3/27/22,7:42,Urban,Radford,2.260274,36,0,0,IJV,Late,-0.089268229,1.241491301,-0.293691756,20.7,2,5.43,22.83,5.16,6.98,7.05,22.3,12.47,71.42,48,29520,600
103,E10,39,NPY,22.68840408,22.79555702,0.151537135,G12,ACTB,20.19306564,20.16293144,0.042616196,04IJV22,2022,3/27/22,7:17,Urban,Radford,2.945205,29,6,8,IJV,Early,1.319923467,0.116639073,-0.0937364,20.7,2,5.43,22.83,5.16,6.98,7.05,22.3,12.47,71.42,48,29520,600
104,E10,39,NPY,22.68840408,22.79555702,0.151537135,G12,ACTB,20.19306564,20.16293144,0.042616196,04IJV22,2022,3/27/22,7:42,Urban,Radford,2.260274,36,0,0,IJV,Late,-0.089268229,1.241491301,-0.293691756,20.7,2,5.43,22.83,5.16,6.98,7.05,22.3,12.47,71.42,48,29520,600
241,B10,39,AVTIN1,27.40971375,27.52356339,0.161006361,G12,ACTB,20.19306564,20.16293144,0.042616196,04IJV22,2022,3/27/22,7:17,Urban,Radford,2.945205,29,6,8,IJV,Early,1.319923467,0.116639073,-0.0937364,20.7,2,5.43,22.83,5.16,6.98,7.05,22.3,12.47,71.42,48,29520,600
242,B10,39,AVTIN1,27.40971375,27.52356339,0.161006361,G12,ACTB,20.19306564,20.16293144,0.042616196,04IJV22,2022,3/27/22,7:42,Urban,Radford,2.260274,36,0,0,IJV,Late,-0.089268229,1.241491301,-0.293691756,20.7,2,5.43,22.83,5.16,6.98,7.05,22.3,12.47,71.42,48,29520,600
245,C10,39,NPY1R,27.58432007,27.57242203,0.016825022,G12,ACTB,20.19306564,20.16293144,0.042616196,04IJV22,2022,3/27/22,7:17,Urban,Radford,2.945205,29,6,8,IJV,Early,1.319923467,0.116639073,-0.0937364,20.7,2,5.43,22.83,5.16,6.98,7.05,22.3,12.47,71.42,48,29520,600
246,C10,39,NPY1R,27.58432007,27.57242203,0.016825022,G12,ACTB,20.19306564,20.16293144,0.042616196,04IJV22,2022,3/27/22,7:42,Urban,Radford,2.260274,36,0,0,IJV,Late,-0.089268229,1.241491301,-0.293691756,20.7,2,5.43,22.83,5.16,6.98,7.05,22.3,12.47,71.42,48,29520,600
306,D10,39,NPY5R,28.31906891,28.32862091,0.013507222,G12,ACTB,20.19306564,20.16293144,0.042616196,04IJV22,2022,3/27/22,7:17,Urban,Radford,2.945205,29,6,8,IJV,Early,1.319923467,0.116639073,-0.0937364,20.7,2,5.43,22.83,5.16,6.98,7.05,22.3,12.47,71.42,48,29520,600
307,D10,39,NPY5R,28.31906891,28.32862091,0.013507222,G12,ACTB,20.19306564,20.16293144,0.042616196,04IJV22,2022,3/27/22,7:42,Urban,Radford,2.260274,36,0,0,IJV,Late,-0.089268229,1.241491301,-0.293691756,20.7,2,5.43,22.83,5.16,6.98,7.05,22.3,12.47,71.42,48,29520,600
341,D10,39,NPY2R,29.42762566,29.32030678,0.151771814,G12,ACTB,20.19306564,20.16293144,0.042616196,04IJV22,2022,3/27/22,7:17,Urban,Radford,2.945205,29,6,8,IJV,Early,1.319923467,0.116639073,-0.0937364,20.7,2,5.43,22.83,5.16,6.98,7.05,22.3,12.47,71.42,48,29520,600
342,D10,39,NPY2R,29.42762566,29.32030678,0.151771814,G12,ACTB,20.19306564,20.16293144,0.042616196,04IJV22,2022,3/27/22,7:42,Urban,Radford,2.260274,36,0,0,IJV,Late,-0.089268229,1.241491301,-0.293691756,20.7,2,5.43,22.83,5.16,6.98,7.05,22.3,12.47,71.42,48,29520,600
391,B10,39,AVT4R,30.70316124,30.82745552,0.175778657,G12,ACTB,20.19306564,20.16293144,0.042616196,04IJV22,2022,3/27/22,7:17,Urban,Radford,2.945205,29,6,8,IJV,Early,1.319923467,0.116639073,-0.0937364,20.7,2,5.43,22.83,5.16,6.98,7.05,22.3,12.47,71.42,48,29520,600
392,B10,39,AVT4R,30.70316124,30.82745552,0.175778657,G12,ACTB,20.19306564,20.16293144,0.042616196,04IJV22,2022,3/27/22,7:42,Urban,Radford,2.260274,36,0,0,IJV,Late,-0.089268229,1.241491301,-0.293691756,20.7,2,5.43,22.83,5.16,6.98,7.05,22.3,12.47,71.42,48,29520,600
79,G2,40,ACTB,21.86030197,21.80980682,0.071412273,G2,ACTB,21.86030197,21.80980682,0.071412273,12SJL22,2022,4/2/22,9:24,Urban,North VT,1.479452,28,1,34,SJL,Early,3.267988517,0.331054235,3.525019143,21.2,0,4.22,22.74,5.14,6.32,8.11,20.05,65.01,67.39,33,3060,3540
80,G2,40,ACTB,21.86030197,21.80980682,0.071412273,G2,ACTB,21.86030197,21.80980682,0.071412273,12SJL22,2022,4/2/22,9:48,Urban,North VT,3.684932,30,0,1,SJL,Late,-0.200290832,0.916783934,-0.088341637,21.2,0,4.22,22.74,5.14,6.32,8.11,20.05,65.01,67.39,33,3060,3540
92,D10,40,NPY,22.26202393,22.46071625,0.280992031,G2,ACTB,21.86030197,21.80980682,0.071412273,12SJL22,2022,4/2/22,9:24,Urban,North VT,1.479452,28,1,34,SJL,Early,3.267988517,0.331054235,3.525019143,21.2,0,4.22,22.74,5.14,6.32,8.11,20.05,65.01,67.39,33,3060,3540
93,D10,40,NPY,22.26202393,22.46071625,0.280992031,G2,ACTB,21.86030197,21.80980682,0.071412273,12SJL22,2022,4/2/22,9:48,Urban,North VT,3.684932,30,0,1,SJL,Late,-0.200290832,0.916783934,-0.088341637,21.2,0,4.22,22.74,5.14,6.32,8.11,20.05,65.01,67.39,33,3060,3540
273,B4,40,NPY1R,27.91340828,27.93519211,0.030806987,G2,ACTB,21.86030197,21.80980682,0.071412273,12SJL22,2022,4/2/22,9:24,Urban,North VT,1.479452,28,1,34,SJL,Early,3.267988517,0.331054235,3.525019143,21.2,0,4.22,22.74,5.14,6.32,8.11,20.05,65.01,67.39,33,3060,3540
274,B4,40,NPY1R,27.91340828,27.93519211,0.030806987,G2,ACTB,21.86030197,21.80980682,0.071412273,12SJL22,2022,4/2/22,9:48,Urban,North VT,3.684932,30,0,1,SJL,Late,-0.200290832,0.916783934,-0.088341637,21.2,0,4.22,22.74,5.14,6.32,8.11,20.05,65.01,67.39,33,3060,3540
288,D8,40,NPY5R,28.04681206,28.09609604,0.069696724,G2,ACTB,21.86030197,21.80980682,0.071412273,12SJL22,2022,4/2/22,9:24,Urban,North VT,1.479452,28,1,34,SJL,Early,3.267988517,0.331054235,3.525019143,21.2,0,4.22,22.74,5.14,6.32,8.11,20.05,65.01,67.39,33,3060,3540
289,D8,40,NPY5R,28.04681206,28.09609604,0.069696724,G2,ACTB,21.86030197,21.80980682,0.071412273,12SJL22,2022,4/2/22,9:48,Urban,North VT,3.684932,30,0,1,SJL,Late,-0.200290832,0.916783934,-0.088341637,21.2,0,4.22,22.74,5.14,6.32,8.11,20.05,65.01,67.39,33,3060,3540
299,B12,40,AVTIN1,28.25347137,28.19512558,0.082513414,G2,ACTB,21.86030197,21.80980682,0.071412273,12SJL22,2022,4/2/22,9:24,Urban,North VT,1.479452,28,1,34,SJL,Early,3.267988517,0.331054235,3.525019143,21.2,0,4.22,22.74,5.14,6.32,8.11,20.05,65.01,67.39,33,3060,3540
300,B12,40,AVTIN1,28.25347137,28.19512558,0.082513414,G2,ACTB,21.86030197,21.80980682,0.071412273,12SJL22,2022,4/2/22,9:48,Urban,North VT,3.684932,30,0,1,SJL,Late,-0.200290832,0.916783934,-0.088341637,21.2,0,4.22,22.74,5.14,6.32,8.11,20.05,65.01,67.39,33,3060,3540
415,B12,40,AVT4R,31.74405289,31.6375351,0.150637552,G2,ACTB,21.86030197,21.80980682,0.071412273,12SJL22,2022,4/2/22,9:24,Urban,North VT,1.479452,28,1,34,SJL,Early,3.267988517,0.331054235,3.525019143,21.2,0,4.22,22.74,5.14,6.32,8.11,20.05,65.01,67.39,33,3060,3540
416,B12,40,AVT4R,31.74405289,31.6375351,0.150637552,G2,ACTB,21.86030197,21.80980682,0.071412273,12SJL22,2022,4/2/22,9:48,Urban,North VT,3.684932,30,0,1,SJL,Late,-0.200290832,0.916783934,-0.088341637,21.2,0,4.22,22.74,5.14,6.32,8.11,20.05,65.01,67.39,33,3060,3540
425,B12,40,AVT3R,32.46569061,32.71138763,0.34747076,G2,ACTB,21.86030197,21.80980682,0.071412273,12SJL22,2022,4/2/22,9:24,Urban,North VT,1.479452,28,1,34,SJL,Early,3.267988517,0.331054235,3.525019143,21.2,0,4.22,22.74,5.14,6.32,8.11,20.05,65.01,67.39,33,3060,3540
426,B12,40,AVT3R,32.46569061,32.71138763,0.34747076,G2,ACTB,21.86030197,21.80980682,0.071412273,12SJL22,2022,4/2/22,9:48,Urban,North VT,3.684932,30,0,1,SJL,Late,-0.200290832,0.916783934,-0.088341637,21.2,0,4.22,22.74,5.14,6.32,8.11,20.05,65.01,67.39,33,3060,3540
17,B8,41,ACTB,19.86289597,19.87732697,0.020409863,B8,ACTB,19.86289597,19.87732697,0.020409863,11IJV22,2022,4/2/22,9:37,Urban,South VT,2.90411,24,3,5,IJV,Early,0.664132311,0.588425959,-0.057577363,20.5,1,4.09,24.12,6.61,7.44,8.73,24.01,60.69,62.87,37,3720,4140
18,B8,41,ACTB,19.86289597,19.87732697,0.020409863,B8,ACTB,19.86289597,19.87732697,0.020409863,11IJV22,2022,4/2/22,10:02,Urban,South VT,3.726027,36,0,0,IJV,Late,-0.297823357,0.936060925,-0.203376704,20.5,1,4.09,24.12,6.61,7.44,8.73,24.01,60.69,62.87,37,3720,4140
19,E12,41,NPY,19.89749336,19.88790512,0.013558473,B8,ACTB,19.86289597,19.87732697,0.020409863,11IJV22,2022,4/2/22,9:37,Urban,South VT,2.90411,24,3,5,IJV,Early,0.664132311,0.588425959,-0.057577363,20.5,1,4.09,24.12,6.61,7.44,8.73,24.01,60.69,62.87,37,3720,4140
20,E12,41,NPY,19.89749336,19.88790512,0.013558473,B8,ACTB,19.86289597,19.87732697,0.020409863,11IJV22,2022,4/2/22,10:02,Urban,South VT,3.726027,36,0,0,IJV,Late,-0.297823357,0.936060925,-0.203376704,20.5,1,4.09,24.12,6.61,7.44,8.73,24.01,60.69,62.87,37,3720,4140
82,D4,41,NPY,21.9339447,21.92474365,0.013013599,B8,ACTB,19.86289597,19.87732697,0.020409863,11IJV22,2022,4/2/22,9:37,Urban,South VT,2.90411,24,3,5,IJV,Early,0.664132311,0.588425959,-0.057577363,20.5,1,4.09,24.12,6.61,7.44,8.73,24.01,60.69,62.87,37,3720,4140
83,D4,41,NPY,21.9339447,21.92474365,0.013013599,B8,ACTB,19.86289597,19.87732697,0.020409863,11IJV22,2022,4/2/22,10:02,Urban,South VT,3.726027,36,0,0,IJV,Late,-0.297823357,0.936060925,-0.203376704,20.5,1,4.09,24.12,6.61,7.44,8.73,24.01,60.69,62.87,37,3720,4140
170,C2,41,AVTIN1,26.11489105,26.11566162,0.001089749,B8,ACTB,19.86289597,19.87732697,0.020409863,11IJV22,2022,4/2/22,9:37,Urban,South VT,2.90411,24,3,5,IJV,Early,0.664132311,0.588425959,-0.057577363,20.5,1,4.09,24.12,6.61,7.44,8.73,24.01,60.69,62.87,37,3720,4140
171,C2,41,AVTIN1,26.11489105,26.11566162,0.001089749,B8,ACTB,19.86289597,19.87732697,0.020409863,11IJV22,2022,4/2/22,10:02,Urban,South VT,3.726027,36,0,0,IJV,Late,-0.297823357,0.936060925,-0.203376704,20.5,1,4.09,24.12,6.61,7.44,8.73,24.01,60.69,62.87,37,3720,4140
263,D6,41,NPY5R,27.89849091,27.85821533,0.05695961,B8,ACTB,19.86289597,19.87732697,0.020409863,11IJV22,2022,4/2/22,9:37,Urban,South VT,2.90411,24,3,5,IJV,Early,0.664132311,0.588425959,-0.057577363,20.5,1,4.09,24.12,6.61,7.44,8.73,24.01,60.69,62.87,37,3720,4140
264,D6,41,NPY5R,27.89849091,27.85821533,0.05695961,B8,ACTB,19.86289597,19.87732697,0.020409863,11IJV22,2022,4/2/22,10:02,Urban,South VT,3.726027,36,0,0,IJV,Late,-0.297823357,0.936060925,-0.203376704,20.5,1,4.09,24.12,6.61,7.44,8.73,24.01,60.69,62.87,37,3720,4140
317,D10,41,NPY5R,28.6342392,28.56922531,0.091942169,B8,ACTB,19.86289597,19.87732697,0.020409863,11IJV22,2022,4/2/22,9:37,Urban,South VT,2.90411,24,3,5,IJV,Early,0.664132311,0.588425959,-0.057577363,20.5,1,4.09,24.12,6.61,7.44,8.73,24.01,60.69,62.87,37,3720,4140
318,D10,41,NPY5R,28.6342392,28.56922531,0.091942169,B8,ACTB,19.86289597,19.87732697,0.020409863,11IJV22,2022,4/2/22,10:02,Urban,South VT,3.726027,36,0,0,IJV,Late,-0.297823357,0.936060925,-0.203376704,20.5,1,4.09,24.12,6.61,7.44,8.73,24.01,60.69,62.87,37,3720,4140
323,D6,41,NPY1R,28.57585335,28.71134949,0.191621825,B8,ACTB,19.86289597,19.87732697,0.020409863,11IJV22,2022,4/2/22,9:37,Urban,South VT,2.90411,24,3,5,IJV,Early,0.664132311,0.588425959,-0.057577363,20.5,1,4.09,24.12,6.61,7.44,8.73,24.01,60.69,62.87,37,3720,4140
324,D6,41,NPY1R,28.57585335,28.71134949,0.191621825,B8,ACTB,19.86289597,19.87732697,0.020409863,11IJV22,2022,4/2/22,10:02,Urban,South VT,3.726027,36,0,0,IJV,Late,-0.297823357,0.936060925,-0.203376704,20.5,1,4.09,24.12,6.61,7.44,8.73,24.01,60.69,62.87,37,3720,4140
335,D6,41,NPY2R,29.05953217,29.12535095,0.093083173,B8,ACTB,19.86289597,19.87732697,0.020409863,11IJV22,2022,4/2/22,9:37,Urban,South VT,2.90411,24,3,5,IJV,Early,0.664132311,0.588425959,-0.057577363,20.5,1,4.09,24.12,6.61,7.44,8.73,24.01,60.69,62.87,37,3720,4140
336,D6,41,NPY2R,29.05953217,29.12535095,0.093083173,B8,ACTB,19.86289597,19.87732697,0.020409863,11IJV22,2022,4/2/22,10:02,Urban,South VT,3.726027,36,0,0,IJV,Late,-0.297823357,0.936060925,-0.203376704,20.5,1,4.09,24.12,6.61,7.44,8.73,24.01,60.69,62.87,37,3720,4140
355,C2,41,AVT4R,29.66590881,29.77327728,0.151840597,B8,ACTB,19.86289597,19.87732697,0.020409863,11IJV22,2022,4/2/22,9:37,Urban,South VT,2.90411,24,3,5,IJV,Early,0.664132311,0.588425959,-0.057577363,20.5,1,4.09,24.12,6.61,7.44,8.73,24.01,60.69,62.87,37,3720,4140
356,C2,41,AVT4R,29.66590881,29.77327728,0.151840597,B8,ACTB,19.86289597,19.87732697,0.020409863,11IJV22,2022,4/2/22,10:02,Urban,South VT,3.726027,36,0,0,IJV,Late,-0.297823357,0.936060925,-0.203376704,20.5,1,4.09,24.12,6.61,7.44,8.73,24.01,60.69,62.87,37,3720,4140
359,D8,41,NPY2R,29.92165375,29.88112831,0.057311621,B8,ACTB,19.86289597,19.87732697,0.020409863,11IJV22,2022,4/2/22,9:37,Urban,South VT,2.90411,24,3,5,IJV,Early,0.664132311,0.588425959,-0.057577363,20.5,1,4.09,24.12,6.61,7.44,8.73,24.01,60.69,62.87,37,3720,4140
360,D8,41,NPY2R,29.92165375,29.88112831,0.057311621,B8,ACTB,19.86289597,19.87732697,0.020409863,11IJV22,2022,4/2/22,10:02,Urban,South VT,3.726027,36,0,0,IJV,Late,-0.297823357,0.936060925,-0.203376704,20.5,1,4.09,24.12,6.61,7.44,8.73,24.01,60.69,62.87,37,3720,4140
40,G4,43,ACTB,20.60062218,20.59310913,0.010626401,G4,ACTB,20.60062218,20.59310913,0.010626401,11SJL22,2022,4/2/22,6:53,Urban,Radford,1.876712,14,9,17,SJL,Early,2.683703918,-0.29097692,0.507138812,20.6,1,5.06,22.6,5.34,6.48,8.09,21.19,65.65,67.95,35,2820,3300
41,G4,43,ACTB,20.60062218,20.59310913,0.010626401,G4,ACTB,20.60062218,20.59310913,0.010626401,11SJL22,2022,4/2/22,7:17,Urban,Radford,4.684932,30,0,4,SJL,Late,-0.067520551,0.624884822,0.325976969,20.6,1,5.06,22.6,5.34,6.48,8.09,21.19,65.65,67.95,35,2820,3300
77,D12,43,NPY,21.85675812,21.77939415,0.109409176,G4,ACTB,20.60062218,20.59310913,0.010626401,11SJL22,2022,4/2/22,6:53,Urban,Radford,1.876712,14,9,17,SJL,Early,2.683703918,-0.29097692,0.507138812,20.6,1,5.06,22.6,5.34,6.48,8.09,21.19,65.65,67.95,35,2820,3300
78,D12,43,NPY,21.85675812,21.77939415,0.109409176,G4,ACTB,20.60062218,20.59310913,0.010626401,11SJL22,2022,4/2/22,7:17,Urban,Radford,4.684932,30,0,4,SJL,Late,-0.067520551,0.624884822,0.325976969,20.6,1,5.06,22.6,5.34,6.48,8.09,21.19,65.65,67.95,35,2820,3300
121,E10,43,NPY1R,23.63939476,23.71993065,0.113894947,G4,ACTB,20.60062218,20.59310913,0.010626401,11SJL22,2022,4/2/22,6:53,Urban,Radford,1.876712,14,9,17,SJL,Early,2.683703918,-0.29097692,0.507138812,20.6,1,5.06,22.6,5.34,6.48,8.09,21.19,65.65,67.95,35,2820,3300
122,E10,43,NPY1R,23.63939476,23.71993065,0.113894947,G4,ACTB,20.60062218,20.59310913,0.010626401,11SJL22,2022,4/2/22,7:17,Urban,Radford,4.684932,30,0,4,SJL,Late,-0.067520551,0.624884822,0.325976969,20.6,1,5.06,22.6,5.34,6.48,8.09,21.19,65.65,67.95,35,2820,3300
243,D2,43,NPY5R,27.53739166,27.52927399,0.011481476,G4,ACTB,20.60062218,20.59310913,0.010626401,11SJL22,2022,4/2/22,6:53,Urban,Radford,1.876712,14,9,17,SJL,Early,2.683703918,-0.29097692,0.507138812,20.6,1,5.06,22.6,5.34,6.48,8.09,21.19,65.65,67.95,35,2820,3300
244,D2,43,NPY5R,27.53739166,27.52927399,0.011481476,G4,ACTB,20.60062218,20.59310913,0.010626401,11SJL22,2022,4/2/22,7:17,Urban,Radford,4.684932,30,0,4,SJL,Late,-0.067520551,0.624884822,0.325976969,20.6,1,5.06,22.6,5.34,6.48,8.09,21.19,65.65,67.95,35,2820,3300
253,C6,43,AVTIN1,27.65823936,27.6353054,0.032433517,G4,ACTB,20.60062218,20.59310913,0.010626401,11SJL22,2022,4/2/22,6:53,Urban,Radford,1.876712,14,9,17,SJL,Early,2.683703918,-0.29097692,0.507138812,20.6,1,5.06,22.6,5.34,6.48,8.09,21.19,65.65,67.95,35,2820,3300
254,C6,43,AVTIN1,27.65823936,27.6353054,0.032433517,G4,ACTB,20.60062218,20.59310913,0.010626401,11SJL22,2022,4/2/22,7:17,Urban,Radford,4.684932,30,0,4,SJL,Late,-0.067520551,0.624884822,0.325976969,20.6,1,5.06,22.6,5.34,6.48,8.09,21.19,65.65,67.95,35,2820,3300
312,D2,43,NPY2R,28.47095299,28.50591278,0.049440615,G4,ACTB,20.60062218,20.59310913,0.010626401,11SJL22,2022,4/2/22,6:53,Urban,Radford,1.876712,14,9,17,SJL,Early,2.683703918,-0.29097692,0.507138812,20.6,1,5.06,22.6,5.34,6.48,8.09,21.19,65.65,67.95,35,2820,3300
313,D2,43,NPY2R,28.47095299,28.50591278,0.049440615,G4,ACTB,20.60062218,20.59310913,0.010626401,11SJL22,2022,4/2/22,7:17,Urban,Radford,4.684932,30,0,4,SJL,Late,-0.067520551,0.624884822,0.325976969,20.6,1,5.06,22.6,5.34,6.48,8.09,21.19,65.65,67.95,35,2820,3300
349,C6,43,AVT3R,29.5573101,29.55618286,0.001592814,G4,ACTB,20.60062218,20.59310913,0.010626401,11SJL22,2022,4/2/22,6:53,Urban,Radford,1.876712,14,9,17,SJL,Early,2.683703918,-0.29097692,0.507138812,20.6,1,5.06,22.6,5.34,6.48,8.09,21.19,65.65,67.95,35,2820,3300
350,C6,43,AVT3R,29.5573101,29.55618286,0.001592814,G4,ACTB,20.60062218,20.59310913,0.010626401,11SJL22,2022,4/2/22,7:17,Urban,Radford,4.684932,30,0,4,SJL,Late,-0.067520551,0.624884822,0.325976969,20.6,1,5.06,22.6,5.34,6.48,8.09,21.19,65.65,67.95,35,2820,3300
375,C6,43,AVT4R,30.14032745,30.10556412,0.049164131,G4,ACTB,20.60062218,20.59310913,0.010626401,11SJL22,2022,4/2/22,6:53,Urban,Radford,1.876712,14,9,17,SJL,Early,2.683703918,-0.29097692,0.507138812,20.6,1,5.06,22.6,5.34,6.48,8.09,21.19,65.65,67.95,35,2820,3300
376,C6,43,AVT4R,30.14032745,30.10556412,0.049164131,G4,ACTB,20.60062218,20.59310913,0.010626401,11SJL22,2022,4/2/22,7:17,Urban,Radford,4.684932,30,0,4,SJL,Late,-0.067520551,0.624884822,0.325976969,20.6,1,5.06,22.6,5.34,6.48,8.09,21.19,65.65,67.95,35,2820,3300
24,B12,44,ACTB,20.08706856,20.07524109,0.016727915,B12,ACTB,20.08706856,20.07524109,0.016727915,03IJV22,2022,3/25/22,9:03,Rural,Heritage,4.684932,14,1,1,IJV,Early,-0.213715127,0.581838854,-0.157189168,20.6,2,5.61,23.2,5.92,6.86,7.66,20.78,62.04,71.88,31,3480,3840
25,B12,44,ACTB,20.08706856,20.07524109,0.016727915,B12,ACTB,20.08706856,20.07524109,0.016727915,03IJV22,2022,3/25/22,9:28,Rural,Heritage,4.027397,34,0,0,IJV,Late,-0.340703851,0.873262156,-0.184807254,20.6,2,5.61,23.2,5.92,6.86,7.66,20.78,62.04,71.88,31,3480,3840
56,F2,44,NPY,21.14189148,21.20466042,0.088768683,B12,ACTB,20.08706856,20.07524109,0.016727915,03IJV22,2022,3/25/22,9:03,Rural,Heritage,4.684932,14,1,1,IJV,Early,-0.213715127,0.581838854,-0.157189168,20.6,2,5.61,23.2,5.92,6.86,7.66,20.78,62.04,71.88,31,3480,3840
57,F2,44,NPY,21.14189148,21.20466042,0.088768683,B12,ACTB,20.08706856,20.07524109,0.016727915,03IJV22,2022,3/25/22,9:28,Rural,Heritage,4.027397,34,0,0,IJV,Late,-0.340703851,0.873262156,-0.184807254,20.6,2,5.61,23.2,5.92,6.86,7.66,20.78,62.04,71.88,31,3480,3840
185,A6,44,AVTIN1,26.6494236,26.62175369,0.039129809,B12,ACTB,20.08706856,20.07524109,0.016727915,03IJV22,2022,3/25/22,9:03,Rural,Heritage,4.684932,14,1,1,IJV,Early,-0.213715127,0.581838854,-0.157189168,20.6,2,5.61,23.2,5.92,6.86,7.66,20.78,62.04,71.88,31,3480,3840
186,A6,44,AVTIN1,26.6494236,26.62175369,0.039129809,B12,ACTB,20.08706856,20.07524109,0.016727915,03IJV22,2022,3/25/22,9:28,Rural,Heritage,4.027397,34,0,0,IJV,Late,-0.340703851,0.873262156,-0.184807254,20.6,2,5.61,23.2,5.92,6.86,7.66,20.78,62.04,71.88,31,3480,3840
237,C12,44,NPY5R,27.40304947,27.42835617,0.035787731,B12,ACTB,20.08706856,20.07524109,0.016727915,03IJV22,2022,3/25/22,9:03,Rural,Heritage,4.684932,14,1,1,IJV,Early,-0.213715127,0.581838854,-0.157189168,20.6,2,5.61,23.2,5.92,6.86,7.66,20.78,62.04,71.88,31,3480,3840
238,C12,44,NPY5R,27.40304947,27.42835617,0.035787731,B12,ACTB,20.08706856,20.07524109,0.016727915,03IJV22,2022,3/25/22,9:28,Rural,Heritage,4.027397,34,0,0,IJV,Late,-0.340703851,0.873262156,-0.184807254,20.6,2,5.61,23.2,5.92,6.86,7.66,20.78,62.04,71.88,31,3480,3840
337,C12,44,NPY2R,29.35544777,29.24274063,0.159393311,B12,ACTB,20.08706856,20.07524109,0.016727915,03IJV22,2022,3/25/22,9:03,Rural,Heritage,4.684932,14,1,1,IJV,Early,-0.213715127,0.581838854,-0.157189168,20.6,2,5.61,23.2,5.92,6.86,7.66,20.78,62.04,71.88,31,3480,3840
338,C12,44,NPY2R,29.35544777,29.24274063,0.159393311,B12,ACTB,20.08706856,20.07524109,0.016727915,03IJV22,2022,3/25/22,9:28,Rural,Heritage,4.027397,34,0,0,IJV,Late,-0.340703851,0.873262156,-0.184807254,20.6,2,5.61,23.2,5.92,6.86,7.66,20.78,62.04,71.88,31,3480,3840
351,C8,44,AVT4R,29.69807434,29.64301872,0.0778604,B12,ACTB,20.08706856,20.07524109,0.016727915,03IJV22,2022,3/25/22,9:03,Rural,Heritage,4.684932,14,1,1,IJV,Early,-0.213715127,0.581838854,-0.157189168,20.6,2,5.61,23.2,5.92,6.86,7.66,20.78,62.04,71.88,31,3480,3840
352,C8,44,AVT4R,29.69807434,29.64301872,0.0778604,B12,ACTB,20.08706856,20.07524109,0.016727915,03IJV22,2022,3/25/22,9:28,Rural,Heritage,4.027397,34,0,0,IJV,Late,-0.340703851,0.873262156,-0.184807254,20.6,2,5.61,23.2,5.92,6.86,7.66,20.78,62.04,71.88,31,3480,3840
389,C12,44,AVT3R,30.71169472,30.77559662,0.09036959,B12,ACTB,20.08706856,20.07524109,0.016727915,03IJV22,2022,3/25/22,9:03,Rural,Heritage,4.684932,14,1,1,IJV,Early,-0.213715127,0.581838854,-0.157189168,20.6,2,5.61,23.2,5.92,6.86,7.66,20.78,62.04,71.88,31,3480,3840
390,C12,44,AVT3R,30.71169472,30.77559662,0.09036959,B12,ACTB,20.08706856,20.07524109,0.016727915,03IJV22,2022,3/25/22,9:28,Rural,Heritage,4.027397,34,0,0,IJV,Late,-0.340703851,0.873262156,-0.184807254,20.6,2,5.61,23.2,5.92,6.86,7.66,20.78,62.04,71.88,31,3480,3840
73,F6,45,ACTB,21.57627296,21.6091423,0.046482917,F6,ACTB,21.57627296,21.6091423,0.046482917,07IJV22,2022,3/29/22,9:20,Urban,North VT,7.479452,1,0,0,IJV,Early,-0.831880417,0.153930801,0.027897355,18.3,1,4.35,23.17,6.28,7.32,8.13,22.2,60.25,66.02,43,3300,3840
74,F6,45,ACTB,21.57627296,21.6091423,0.046482917,F6,ACTB,21.57627296,21.6091423,0.046482917,07IJV22,2022,3/29/22,9:45,Urban,North VT,2.219178,6,10,0,IJV,Late,1.205188912,-0.015618693,-1.600867382,18.3,1,4.35,23.17,6.28,7.32,8.13,22.2,60.25,66.02,43,3300,3840
125,D2,45,NPY,24.00632858,23.87820053,0.18120043,F6,ACTB,21.57627296,21.6091423,0.046482917,07IJV22,2022,3/29/22,9:20,Urban,North VT,7.479452,1,0,0,IJV,Early,-0.831880417,0.153930801,0.027897355,18.3,1,4.35,23.17,6.28,7.32,8.13,22.2,60.25,66.02,43,3300,3840
126,D2,45,NPY,24.00632858,23.87820053,0.18120043,F6,ACTB,21.57627296,21.6091423,0.046482917,07IJV22,2022,3/29/22,9:45,Urban,North VT,2.219178,6,10,0,IJV,Late,1.205188912,-0.015618693,-1.600867382,18.3,1,4.35,23.17,6.28,7.32,8.13,22.2,60.25,66.02,43,3300,3840
280,C10,45,NPY5R,28.03515625,28.04034042,0.007331529,F6,ACTB,21.57627296,21.6091423,0.046482917,07IJV22,2022,3/29/22,9:20,Urban,North VT,7.479452,1,0,0,IJV,Early,-0.831880417,0.153930801,0.027897355,18.3,1,4.35,23.17,6.28,7.32,8.13,22.2,60.25,66.02,43,3300,3840
281,C10,45,NPY5R,28.03515625,28.04034042,0.007331529,F6,ACTB,21.57627296,21.6091423,0.046482917,07IJV22,2022,3/29/22,9:45,Urban,North VT,2.219178,6,10,0,IJV,Late,1.205188912,-0.015618693,-1.600867382,18.3,1,4.35,23.17,6.28,7.32,8.13,22.2,60.25,66.02,43,3300,3840
314,A8,45,AVTIN1,28.46457863,28.51068497,0.065204211,F6,ACTB,21.57627296,21.6091423,0.046482917,07IJV22,2022,3/29/22,9:20,Urban,North VT,7.479452,1,0,0,IJV,Early,-0.831880417,0.153930801,0.027897355,18.3,1,4.35,23.17,6.28,7.32,8.13,22.2,60.25,66.02,43,3300,3840
315,A8,45,AVTIN1,28.46457863,28.51068497,0.065204211,F6,ACTB,21.57627296,21.6091423,0.046482917,07IJV22,2022,3/29/22,9:45,Urban,North VT,2.219178,6,10,0,IJV,Late,1.205188912,-0.015618693,-1.600867382,18.3,1,4.35,23.17,6.28,7.32,8.13,22.2,60.25,66.02,43,3300,3840
357,C10,45,NPY2R,29.65929604,29.78169632,0.173098788,F6,ACTB,21.57627296,21.6091423,0.046482917,07IJV22,2022,3/29/22,9:20,Urban,North VT,7.479452,1,0,0,IJV,Early,-0.831880417,0.153930801,0.027897355,18.3,1,4.35,23.17,6.28,7.32,8.13,22.2,60.25,66.02,43,3300,3840
358,C10,45,NPY2R,29.65929604,29.78169632,0.173098788,F6,ACTB,21.57627296,21.6091423,0.046482917,07IJV22,2022,3/29/22,9:45,Urban,North VT,2.219178,6,10,0,IJV,Late,1.205188912,-0.015618693,-1.600867382,18.3,1,4.35,23.17,6.28,7.32,8.13,22.2,60.25,66.02,43,3300,3840
413,E10,45,AVT4R,31.6032505,31.61741257,0.020029532,F6,ACTB,21.57627296,21.6091423,0.046482917,07IJV22,2022,3/29/22,9:20,Urban,North VT,7.479452,1,0,0,IJV,Early,-0.831880417,0.153930801,0.027897355,18.3,1,4.35,23.17,6.28,7.32,8.13,22.2,60.25,66.02,43,3300,3840
414,E10,45,AVT4R,31.6032505,31.61741257,0.020029532,F6,ACTB,21.57627296,21.6091423,0.046482917,07IJV22,2022,3/29/22,9:45,Urban,North VT,2.219178,6,10,0,IJV,Late,1.205188912,-0.015618693,-1.600867382,18.3,1,4.35,23.17,6.28,7.32,8.13,22.2,60.25,66.02,43,3300,3840
423,C10,45,AVT3R,32.65920639,32.48454285,0.247011557,F6,ACTB,21.57627296,21.6091423,0.046482917,07IJV22,2022,3/29/22,9:20,Urban,North VT,7.479452,1,0,0,IJV,Early,-0.831880417,0.153930801,0.027897355,18.3,1,4.35,23.17,6.28,7.32,8.13,22.2,60.25,66.02,43,3300,3840
424,C10,45,AVT3R,32.65920639,32.48454285,0.247011557,F6,ACTB,21.57627296,21.6091423,0.046482917,07IJV22,2022,3/29/22,9:45,Urban,North VT,2.219178,6,10,0,IJV,Late,1.205188912,-0.015618693,-1.600867382,18.3,1,4.35,23.17,6.28,7.32,8.13,22.2,60.25,66.02,43,3300,3840
26,F8,46,NPY,20.31707573,20.07659531,0.340090662,F12,ACTB,20.2314167,20.3733139,0.200671598,07SJL22,2022,3/25/22,7:31,Rural,Heritage,1.835616,27,4,6,SJL,Early,1.036709318,0.656668334,-0.136311582,19.5,0,2.93,23.02,5.17,6.05,8.73,20.35,64.05,68.68,42,3660,4200
27,F8,46,NPY,20.31707573,20.07659531,0.340090662,F12,ACTB,20.2314167,20.3733139,0.200671598,07SJL22,2022,3/26/22,7:55,Rural,Heritage,7.561644,22,0,0,SJL,Late,-0.843575097,0.136803864,0.032961751,19.5,0,2.93,23.02,5.17,6.05,8.73,20.35,64.05,68.68,42,3660,4200
34,F12,46,ACTB,20.2314167,20.3733139,0.200671598,F12,ACTB,20.2314167,20.3733139,0.200671598,07SJL22,2022,3/25/22,7:31,Rural,Heritage,1.835616,27,4,6,SJL,Early,1.036709318,0.656668334,-0.136311582,19.5,0,2.93,23.02,5.17,6.05,8.73,20.35,64.05,68.68,42,3660,4200
35,F12,46,ACTB,20.2314167,20.3733139,0.200671598,F12,ACTB,20.2314167,20.3733139,0.200671598,07SJL22,2022,3/26/22,7:55,Rural,Heritage,7.561644,22,0,0,SJL,Late,-0.843575097,0.136803864,0.032961751,19.5,0,2.93,23.02,5.17,6.05,8.73,20.35,64.05,68.68,42,3660,4200
158,F4,46,NPY1R,25.63808441,25.63138199,0.009477309,F12,ACTB,20.2314167,20.3733139,0.200671598,07SJL22,2022,3/25/22,7:31,Rural,Heritage,1.835616,27,4,6,SJL,Early,1.036709318,0.656668334,-0.136311582,19.5,0,2.93,23.02,5.17,6.05,8.73,20.35,64.05,68.68,42,3660,4200
159,F4,46,NPY1R,25.63808441,25.63138199,0.009477309,F12,ACTB,20.2314167,20.3733139,0.200671598,07SJL22,2022,3/26/22,7:55,Rural,Heritage,7.561644,22,0,0,SJL,Late,-0.843575097,0.136803864,0.032961751,19.5,0,2.93,23.02,5.17,6.05,8.73,20.35,64.05,68.68,42,3660,4200
197,C12,46,AVTIN1,26.94775772,26.78373718,0.231960073,F12,ACTB,20.2314167,20.3733139,0.200671598,07SJL22,2022,3/25/22,7:31,Rural,Heritage,1.835616,27,4,6,SJL,Early,1.036709318,0.656668334,-0.136311582,19.5,0,2.93,23.02,5.17,6.05,8.73,20.35,64.05,68.68,42,3660,4200
198,C12,46,AVTIN1,26.94775772,26.78373718,0.231960073,F12,ACTB,20.2314167,20.3733139,0.200671598,07SJL22,2022,3/26/22,7:55,Rural,Heritage,7.561644,22,0,0,SJL,Late,-0.843575097,0.136803864,0.032961751,19.5,0,2.93,23.02,5.17,6.05,8.73,20.35,64.05,68.68,42,3660,4200
308,C8,46,NPY5R,28.29388237,28.34771729,0.076132715,F12,ACTB,20.2314167,20.3733139,0.200671598,07SJL22,2022,3/25/22,7:31,Rural,Heritage,1.835616,27,4,6,SJL,Early,1.036709318,0.656668334,-0.136311582,19.5,0,2.93,23.02,5.17,6.05,8.73,20.35,64.05,68.68,42,3660,4200
309,C8,46,NPY5R,28.29388237,28.34771729,0.076132715,F12,ACTB,20.2314167,20.3733139,0.200671598,07SJL22,2022,3/26/22,7:55,Rural,Heritage,7.561644,22,0,0,SJL,Late,-0.843575097,0.136803864,0.032961751,19.5,0,2.93,23.02,5.17,6.05,8.73,20.35,64.05,68.68,42,3660,4200
325,C8,46,NPY2R,28.88112068,28.81481552,0.093771003,F12,ACTB,20.2314167,20.3733139,0.200671598,07SJL22,2022,3/25/22,7:31,Rural,Heritage,1.835616,27,4,6,SJL,Early,1.036709318,0.656668334,-0.136311582,19.5,0,2.93,23.02,5.17,6.05,8.73,20.35,64.05,68.68,42,3660,4200
326,C8,46,NPY2R,28.88112068,28.81481552,0.093771003,F12,ACTB,20.2314167,20.3733139,0.200671598,07SJL22,2022,3/26/22,7:55,Rural,Heritage,7.561644,22,0,0,SJL,Late,-0.843575097,0.136803864,0.032961751,19.5,0,2.93,23.02,5.17,6.05,8.73,20.35,64.05,68.68,42,3660,4200
361,C12,46,AVT3R,29.82556725,29.88414574,0.082842499,F12,ACTB,20.2314167,20.3733139,0.200671598,07SJL22,2022,3/25/22,7:31,Rural,Heritage,1.835616,27,4,6,SJL,Early,1.036709318,0.656668334,-0.136311582,19.5,0,2.93,23.02,5.17,6.05,8.73,20.35,64.05,68.68,42,3660,4200
362,C12,46,AVT3R,29.82556725,29.88414574,0.082842499,F12,ACTB,20.2314167,20.3733139,0.200671598,07SJL22,2022,3/26/22,7:55,Rural,Heritage,7.561644,22,0,0,SJL,Late,-0.843575097,0.136803864,0.032961751,19.5,0,2.93,23.02,5.17,6.05,8.73,20.35,64.05,68.68,42,3660,4200
399,C12,46,AVT4R,31.05440331,31.00608826,0.068326451,F12,ACTB,20.2314167,20.3733139,0.200671598,07SJL22,2022,3/25/22,7:31,Rural,Heritage,1.835616,27,4,6,SJL,Early,1.036709318,0.656668334,-0.136311582,19.5,0,2.93,23.02,5.17,6.05,8.73,20.35,64.05,68.68,42,3660,4200
400,C12,46,AVT4R,31.05440331,31.00608826,0.068326451,F12,ACTB,20.2314167,20.3733139,0.200671598,07SJL22,2022,3/26/22,7:55,Rural,Heritage,7.561644,22,0,0,SJL,Late,-0.843575097,0.136803864,0.032961751,19.5,0,2.93,23.02,5.17,6.05,8.73,20.35,64.05,68.68,42,3660,4200
89,C12,47,ACTB,22.38691902,22.35404968,0.046485614,C12,ACTB,22.38691902,22.35404968,0.046485614,02SJL22,2022,3/15/22,9:54,Rural,Stream,2.113924,37,1,8,SJL,Early,0.793897674,0.922696345,0.507364403,NA,NA,NA,NA,NA,NA,NA,NA,NA,NA,32,2820,3120
90,C12,47,ACTB,22.38691902,22.35404968,0.046485614,C12,ACTB,22.38691902,22.35404968,0.046485614,02SJL22,2022,3/16/22,10:18,Rural,Stream,1.876712,7,12,31,SJL,Late,4.353879454,-1.060445391,1.761687489,NA,NA,NA,NA,NA,NA,NA,NA,NA,NA,32,2820,3120
105,H8,47,NPY,22.87115288,22.8108902,0.085224301,C12,ACTB,22.38691902,22.35404968,0.046485614,02SJL22,2022,3/15/22,9:54,Rural,Stream,2.113924,37,1,8,SJL,Early,0.793897674,0.922696345,0.507364403,NA,NA,NA,NA,NA,NA,NA,NA,NA,NA,32,2820,3120
106,H8,47,NPY,22.87115288,22.8108902,0.085224301,C12,ACTB,22.38691902,22.35404968,0.046485614,02SJL22,2022,3/16/22,10:18,Rural,Stream,1.876712,7,12,31,SJL,Late,4.353879454,-1.060445391,1.761687489,NA,NA,NA,NA,NA,NA,NA,NA,NA,NA,32,2820,3120
256,B10,47,NPY1R,27.66365623,27.76833725,0.148039967,C12,ACTB,22.38691902,22.35404968,0.046485614,02SJL22,2022,3/15/22,9:54,Rural,Stream,2.113924,37,1,8,SJL,Early,0.793897674,0.922696345,0.507364403,NA,NA,NA,NA,NA,NA,NA,NA,NA,NA,32,2820,3120
257,B10,47,NPY1R,27.66365623,27.76833725,0.148039967,C12,ACTB,22.38691902,22.35404968,0.046485614,02SJL22,2022,3/16/22,10:18,Rural,Stream,1.876712,7,12,31,SJL,Late,4.353879454,-1.060445391,1.761687489,NA,NA,NA,NA,NA,NA,NA,NA,NA,NA,32,2820,3120
269,C6,47,NPY5R,27.81183434,27.88790894,0.107587077,C12,ACTB,22.38691902,22.35404968,0.046485614,02SJL22,2022,3/15/22,9:54,Rural,Stream,2.113924,37,1,8,SJL,Early,0.793897674,0.922696345,0.507364403,NA,NA,NA,NA,NA,NA,NA,NA,NA,NA,32,2820,3120
270,C6,47,NPY5R,27.81183434,27.88790894,0.107587077,C12,ACTB,22.38691902,22.35404968,0.046485614,02SJL22,2022,3/16/22,10:18,Rural,Stream,1.876712,7,12,31,SJL,Late,4.353879454,-1.060445391,1.761687489,NA,NA,NA,NA,NA,NA,NA,NA,NA,NA,32,2820,3120
301,D2,47,AVTIN1,28.16573715,28.22855759,0.088840164,C12,ACTB,22.38691902,22.35404968,0.046485614,02SJL22,2022,3/15/22,9:54,Rural,Stream,2.113924,37,1,8,SJL,Early,0.793897674,0.922696345,0.507364403,NA,NA,NA,NA,NA,NA,NA,NA,NA,NA,32,2820,3120
302,D2,47,AVTIN1,28.16573715,28.22855759,0.088840164,C12,ACTB,22.38691902,22.35404968,0.046485614,02SJL22,2022,3/16/22,10:18,Rural,Stream,1.876712,7,12,31,SJL,Late,4.353879454,-1.060445391,1.761687489,NA,NA,NA,NA,NA,NA,NA,NA,NA,NA,32,2820,3120
387,E12,47,AVT4R,30.77993774,30.73561478,0.062680796,C12,ACTB,22.38691902,22.35404968,0.046485614,02SJL22,2022,3/15/22,9:54,Rural,Stream,2.113924,37,1,8,SJL,Early,0.793897674,0.922696345,0.507364403,NA,NA,NA,NA,NA,NA,NA,NA,NA,NA,32,2820,3120
388,E12,47,AVT4R,30.77993774,30.73561478,0.062680796,C12,ACTB,22.38691902,22.35404968,0.046485614,02SJL22,2022,3/16/22,10:18,Rural,Stream,1.876712,7,12,31,SJL,Late,4.353879454,-1.060445391,1.761687489,NA,NA,NA,NA,NA,NA,NA,NA,NA,NA,32,2820,3120
393,C12,47,NPY2R,30.7503891,30.83824921,0.124254301,C12,ACTB,22.38691902,22.35404968,0.046485614,02SJL22,2022,3/15/22,9:54,Rural,Stream,2.113924,37,1,8,SJL,Early,0.793897674,0.922696345,0.507364403,NA,NA,NA,NA,NA,NA,NA,NA,NA,NA,32,2820,3120
394,C12,47,NPY2R,30.7503891,30.83824921,0.124254301,C12,ACTB,22.38691902,22.35404968,0.046485614,02SJL22,2022,3/16/22,10:18,Rural,Stream,1.876712,7,12,31,SJL,Late,4.353879454,-1.060445391,1.761687489,NA,NA,NA,NA,NA,NA,NA,NA,NA,NA,32,2820,3120
409,D2,47,AVT3R,31.4535408,31.43972778,0.019534558,C12,ACTB,22.38691902,22.35404968,0.046485614,02SJL22,2022,3/15/22,9:54,Rural,Stream,2.113924,37,1,8,SJL,Early,0.793897674,0.922696345,0.507364403,NA,NA,NA,NA,NA,NA,NA,NA,NA,NA,32,2820,3120
410,D2,47,AVT3R,31.4535408,31.43972778,0.019534558,C12,ACTB,22.38691902,22.35404968,0.046485614,02SJL22,2022,3/16/22,10:18,Rural,Stream,1.876712,7,12,31,SJL,Late,4.353879454,-1.060445391,1.761687489,NA,NA,NA,NA,NA,NA,NA,NA,NA,NA,32,2820,3120
10,H10,48,ACTB,19.46878815,19.53264236,0.090304852,H10,ACTB,19.46878815,19.53264236,0.090304852,04TEF22,2022,3/22/22,8:13,Rural,Kentland,3.342466,24,6,21,TEF,Early,2.455306591,-0.328067095,1.459115952,21.5,1,4.77,24.42,5.27,5.72,8.7,23.05,62.16,64.47,47,1620,2040
11,H10,48,ACTB,19.46878815,19.53264236,0.090304852,H10,ACTB,19.46878815,19.53264236,0.090304852,04TEF22,2022,3/23/22,8:46,Rural,Kentland,10,44,0,2,TEF,Late,-1.007146903,-0.426976186,0.418340012,21.5,1,4.77,24.42,5.27,5.72,8.7,23.05,62.16,64.47,47,1620,2040
86,H6,48,NPY,22.29379845,22.13890648,0.219050318,H10,ACTB,19.46878815,19.53264236,0.090304852,04TEF22,2022,3/22/22,8:13,Rural,Kentland,3.342466,24,6,21,TEF,Early,2.455306591,-0.328067095,1.459115952,21.5,1,4.77,24.42,5.27,5.72,8.7,23.05,62.16,64.47,47,1620,2040
87,H6,48,NPY,22.29379845,22.13890648,0.219050318,H10,ACTB,19.46878815,19.53264236,0.090304852,04TEF22,2022,3/23/22,8:46,Rural,Kentland,10,44,0,2,TEF,Late,-1.007146903,-0.426976186,0.418340012,21.5,1,4.77,24.42,5.27,5.72,8.7,23.05,62.16,64.47,47,1620,2040
174,D4,48,AVTIN1,26.242733,26.34181213,0.140120402,H10,ACTB,19.46878815,19.53264236,0.090304852,04TEF22,2022,3/22/22,8:13,Rural,Kentland,3.342466,24,6,21,TEF,Early,2.455306591,-0.328067095,1.459115952,21.5,1,4.77,24.42,5.27,5.72,8.7,23.05,62.16,64.47,47,1620,2040
175,D4,48,AVTIN1,26.242733,26.34181213,0.140120402,H10,ACTB,19.46878815,19.53264236,0.090304852,04TEF22,2022,3/23/22,8:46,Rural,Kentland,10,44,0,2,TEF,Late,-1.007146903,-0.426976186,0.418340012,21.5,1,4.77,24.42,5.27,5.72,8.7,23.05,62.16,64.47,47,1620,2040
224,B12,48,NPY1R,27.17843437,27.20304871,0.034808576,H10,ACTB,19.46878815,19.53264236,0.090304852,04TEF22,2022,3/22/22,8:13,Rural,Kentland,3.342466,24,6,21,TEF,Early,2.455306591,-0.328067095,1.459115952,21.5,1,4.77,24.42,5.27,5.72,8.7,23.05,62.16,64.47,47,1620,2040
225,B12,48,NPY1R,27.17843437,27.20304871,0.034808576,H10,ACTB,19.46878815,19.53264236,0.090304852,04TEF22,2022,3/23/22,8:46,Rural,Kentland,10,44,0,2,TEF,Late,-1.007146903,-0.426976186,0.418340012,21.5,1,4.77,24.42,5.27,5.72,8.7,23.05,62.16,64.47,47,1620,2040
290,C4,48,NPY5R,28.14359856,28.13307953,0.014874803,H10,ACTB,19.46878815,19.53264236,0.090304852,04TEF22,2022,3/22/22,8:13,Rural,Kentland,3.342466,24,6,21,TEF,Early,2.455306591,-0.328067095,1.459115952,21.5,1,4.77,24.42,5.27,5.72,8.7,23.05,62.16,64.47,47,1620,2040
291,C4,48,NPY5R,28.14359856,28.13307953,0.014874803,H10,ACTB,19.46878815,19.53264236,0.090304852,04TEF22,2022,3/23/22,8:46,Rural,Kentland,10,44,0,2,TEF,Late,-1.007146903,-0.426976186,0.418340012,21.5,1,4.77,24.42,5.27,5.72,8.7,23.05,62.16,64.47,47,1620,2040
343,D4,48,AVT4R,29.44280052,29.44499969,0.003108751,H10,ACTB,19.46878815,19.53264236,0.090304852,04TEF22,2022,3/22/22,8:13,Rural,Kentland,3.342466,24,6,21,TEF,Early,2.455306591,-0.328067095,1.459115952,21.5,1,4.77,24.42,5.27,5.72,8.7,23.05,62.16,64.47,47,1620,2040
344,D4,48,AVT4R,29.44280052,29.44499969,0.003108751,H10,ACTB,19.46878815,19.53264236,0.090304852,04TEF22,2022,3/23/22,8:46,Rural,Kentland,10,44,0,2,TEF,Late,-1.007146903,-0.426976186,0.418340012,21.5,1,4.77,24.42,5.27,5.72,8.7,23.05,62.16,64.47,47,1620,2040
365,C4,48,NPY2R,29.88807106,29.93051529,0.060026553,H10,ACTB,19.46878815,19.53264236,0.090304852,04TEF22,2022,3/22/22,8:13,Rural,Kentland,3.342466,24,6,21,TEF,Early,2.455306591,-0.328067095,1.459115952,21.5,1,4.77,24.42,5.27,5.72,8.7,23.05,62.16,64.47,47,1620,2040
366,C4,48,NPY2R,29.88807106,29.93051529,0.060026553,H10,ACTB,19.46878815,19.53264236,0.090304852,04TEF22,2022,3/23/22,8:46,Rural,Kentland,10,44,0,2,TEF,Late,-1.007146903,-0.426976186,0.418340012,21.5,1,4.77,24.42,5.27,5.72,8.7,23.05,62.16,64.47,47,1620,2040
15,F2,49,ACTB,19.65391922,19.81064224,0.221639827,F2,ACTB,19.65391922,19.81064224,0.221639827,05TEF22,2022,3/21/22,9:57,Rural,Kentland,6.863014,10,5,3,TEF,Early,0.175190141,-0.433975281,-0.309705531,21,1,3.45,24.2,4.91,6.03,8.7,22.14,62.19,65.63,40,780,NA
16,F2,49,ACTB,19.65391922,19.81064224,0.221639827,F2,ACTB,19.65391922,19.81064224,0.221639827,05TEF22,2022,3/21/22,10:21,Rural,Kentland,6.876712,26,0,0,TEF,Late,-0.746119429,0.279528339,-0.009241545,21,1,3.45,24.2,4.91,6.03,8.7,22.14,62.19,65.63,40,780,NA
71,G4,50,ACTB,21.58335304,21.59743881,0.019918937,G4,ACTB,21.58335304,21.59743881,0.019918937,07TEF22,2022,3/28/22,8:01,Urban,North VT,2.534247,19,2,0,TEF,Late,0.129471465,0.931266819,-0.537739123,19.5,0,5.46,21.96,5.41,5.98,9.15,21.58,57.93,62.02,37,3480,3840
72,G4,50,ACTB,21.58335304,21.59743881,0.019918937,G4,ACTB,21.58335304,21.59743881,0.019918937,07TEF22,2022,3/28/22,7:36,Urban,North VT,1.452055,8,12,4,TEF,Early,1.938801962,-0.220263811,-1.4387947,19.5,0,5.46,21.96,5.41,5.98,9.15,21.58,57.93,62.02,37,3480,3840
132,F12,50,NPY,24.42573166,24.21345139,0.300209642,G4,ACTB,21.58335304,21.59743881,0.019918937,07TEF22,2022,3/28/22,8:01,Urban,North VT,2.534247,19,2,0,TEF,Late,0.129471465,0.931266819,-0.537739123,19.5,0,5.46,21.96,5.41,5.98,9.15,21.58,57.93,62.02,37,3480,3840
133,F12,50,NPY,24.42573166,24.21345139,0.300209642,G4,ACTB,21.58335304,21.59743881,0.019918937,07TEF22,2022,3/28/22,7:36,Urban,North VT,1.452055,8,12,4,TEF,Early,1.938801962,-0.220263811,-1.4387947,19.5,0,5.46,21.96,5.41,5.98,9.15,21.58,57.93,62.02,37,3480,3840
181,D8,50,AVTIN1,26.52551842,26.53851128,0.018374678,G4,ACTB,21.58335304,21.59743881,0.019918937,07TEF22,2022,3/28/22,8:01,Urban,North VT,2.534247,19,2,0,TEF,Late,0.129471465,0.931266819,-0.537739123,19.5,0,5.46,21.96,5.41,5.98,9.15,21.58,57.93,62.02,37,3480,3840
182,D8,50,AVTIN1,26.52551842,26.53851128,0.018374678,G4,ACTB,21.58335304,21.59743881,0.019918937,07TEF22,2022,3/28/22,7:36,Urban,North VT,1.452055,8,12,4,TEF,Early,1.938801962,-0.220263811,-1.4387947,19.5,0,5.46,21.96,5.41,5.98,9.15,21.58,57.93,62.02,37,3480,3840
195,D8,50,AVT3R,26.785532,26.66955566,0.164013952,G4,ACTB,21.58335304,21.59743881,0.019918937,07TEF22,2022,3/28/22,8:01,Urban,North VT,2.534247,19,2,0,TEF,Late,0.129471465,0.931266819,-0.537739123,19.5,0,5.46,21.96,5.41,5.98,9.15,21.58,57.93,62.02,37,3480,3840
196,D8,50,AVT3R,26.785532,26.66955566,0.164013952,G4,ACTB,21.58335304,21.59743881,0.019918937,07TEF22,2022,3/28/22,7:36,Urban,North VT,1.452055,8,12,4,TEF,Early,1.938801962,-0.220263811,-1.4387947,19.5,0,5.46,21.96,5.41,5.98,9.15,21.58,57.93,62.02,37,3480,3840
206,B12,50,NPY2R,26.96611214,26.89167404,0.10527271,G4,ACTB,21.58335304,21.59743881,0.019918937,07TEF22,2022,3/28/22,8:01,Urban,North VT,2.534247,19,2,0,TEF,Late,0.129471465,0.931266819,-0.537739123,19.5,0,5.46,21.96,5.41,5.98,9.15,21.58,57.93,62.02,37,3480,3840
207,B12,50,NPY2R,26.96611214,26.89167404,0.10527271,G4,ACTB,21.58335304,21.59743881,0.019918937,07TEF22,2022,3/28/22,7:36,Urban,North VT,1.452055,8,12,4,TEF,Early,1.938801962,-0.220263811,-1.4387947,19.5,0,5.46,21.96,5.41,5.98,9.15,21.58,57.93,62.02,37,3480,3840
213,B12,50,NPY5R,26.94632339,26.97881126,0.045944784,G4,ACTB,21.58335304,21.59743881,0.019918937,07TEF22,2022,3/28/22,8:01,Urban,North VT,2.534247,19,2,0,TEF,Late,0.129471465,0.931266819,-0.537739123,19.5,0,5.46,21.96,5.41,5.98,9.15,21.58,57.93,62.02,37,3480,3840
214,B12,50,NPY5R,26.94632339,26.97881126,0.045944784,G4,ACTB,21.58335304,21.59743881,0.019918937,07TEF22,2022,3/28/22,7:36,Urban,North VT,1.452055,8,12,4,TEF,Early,1.938801962,-0.220263811,-1.4387947,19.5,0,5.46,21.96,5.41,5.98,9.15,21.58,57.93,62.02,37,3480,3840
216,C4,50,NPY1R,26.97034264,27.01878357,0.068505824,G4,ACTB,21.58335304,21.59743881,0.019918937,07TEF22,2022,3/28/22,8:01,Urban,North VT,2.534247,19,2,0,TEF,Late,0.129471465,0.931266819,-0.537739123,19.5,0,5.46,21.96,5.41,5.98,9.15,21.58,57.93,62.02,37,3480,3840
217,C4,50,NPY1R,26.97034264,27.01878357,0.068505824,G4,ACTB,21.58335304,21.59743881,0.019918937,07TEF22,2022,3/28/22,7:36,Urban,North VT,1.452055,8,12,4,TEF,Early,1.938801962,-0.220263811,-1.4387947,19.5,0,5.46,21.96,5.41,5.98,9.15,21.58,57.93,62.02,37,3480,3840
379,D8,50,AVT4R,30.24792099,30.29854584,0.071592994,G4,ACTB,21.58335304,21.59743881,0.019918937,07TEF22,2022,3/28/22,8:01,Urban,North VT,2.534247,19,2,0,TEF,Late,0.129471465,0.931266819,-0.537739123,19.5,0,5.46,21.96,5.41,5.98,9.15,21.58,57.93,62.02,37,3480,3840
380,D8,50,AVT4R,30.24792099,30.29854584,0.071592994,G4,ACTB,21.58335304,21.59743881,0.019918937,07TEF22,2022,3/28/22,7:36,Urban,North VT,1.452055,8,12,4,TEF,Early,1.938801962,-0.220263811,-1.4387947,19.5,0,5.46,21.96,5.41,5.98,9.15,21.58,57.93,62.02,37,3480,3840
100,C4,54,ACTB,22.59887314,22.67014503,0.100793682,C4,ACTB,22.59887314,22.67014503,0.100793682,05IJV22,2022,3/27/22,9:15,Urban,Radford,10.684932,6,0,0,IJV,Early,-1.287972942,-0.514019743,0.225408778,21,0,3.57,24.59,5.69,6.74,7.36,21.83,63.43,64,35,840,1140
101,C4,54,ACTB,22.59887314,22.67014503,0.100793682,C4,ACTB,22.59887314,22.67014503,0.100793682,05IJV22,2022,3/27/22,9:39,Urban,Radford,7.780822,18,0,0,IJV,Late,-0.87476091,0.091132032,0.046466805,21,0,3.57,24.59,5.69,6.74,7.36,21.83,63.43,64,35,840,1140
149,G4,54,NPY,24.92021179,24.91814423,0.002925328,C4,ACTB,22.59887314,22.67014503,0.100793682,05IJV22,2022,3/27/22,9:15,Urban,Radford,10.684932,6,0,0,IJV,Early,-1.287972942,-0.514019743,0.225408778,21,0,3.57,24.59,5.69,6.74,7.36,21.83,63.43,64,35,840,1140
150,G4,54,NPY,24.92021179,24.91814423,0.002925328,C4,ACTB,22.59887314,22.67014503,0.100793682,05IJV22,2022,3/27/22,9:39,Urban,Radford,7.780822,18,0,0,IJV,Late,-0.87476091,0.091132032,0.046466805,21,0,3.57,24.59,5.69,6.74,7.36,21.83,63.43,64,35,840,1140
172,E4,54,AVT3R,26.31726456,26.3073349,0.014044004,C4,ACTB,22.59887314,22.67014503,0.100793682,05IJV22,2022,3/27/22,9:15,Urban,Radford,10.684932,6,0,0,IJV,Early,-1.287972942,-0.514019743,0.225408778,21,0,3.57,24.59,5.69,6.74,7.36,21.83,63.43,64,35,840,1140
173,E4,54,AVT3R,26.31726456,26.3073349,0.014044004,C4,ACTB,22.59887314,22.67014503,0.100793682,05IJV22,2022,3/27/22,9:39,Urban,Radford,7.780822,18,0,0,IJV,Late,-0.87476091,0.091132032,0.046466805,21,0,3.57,24.59,5.69,6.74,7.36,21.83,63.43,64,35,840,1140
187,B4,54,NPY2R,26.62963676,26.62715149,0.003513361,C4,ACTB,22.59887314,22.67014503,0.100793682,05IJV22,2022,3/27/22,9:15,Urban,Radford,10.684932,6,0,0,IJV,Early,-1.287972942,-0.514019743,0.225408778,21,0,3.57,24.59,5.69,6.74,7.36,21.83,63.43,64,35,840,1140
188,B4,54,NPY2R,26.62963676,26.62715149,0.003513361,C4,ACTB,22.59887314,22.67014503,0.100793682,05IJV22,2022,3/27/22,9:39,Urban,Radford,7.780822,18,0,0,IJV,Late,-0.87476091,0.091132032,0.046466805,21,0,3.57,24.59,5.69,6.74,7.36,21.83,63.43,64,35,840,1140
189,E4,54,AVTIN1,26.70878601,26.65181351,0.080569938,C4,ACTB,22.59887314,22.67014503,0.100793682,05IJV22,2022,3/27/22,9:15,Urban,Radford,10.684932,6,0,0,IJV,Early,-1.287972942,-0.514019743,0.225408778,21,0,3.57,24.59,5.69,6.74,7.36,21.83,63.43,64,35,840,1140
190,E4,54,AVTIN1,26.70878601,26.65181351,0.080569938,C4,ACTB,22.59887314,22.67014503,0.100793682,05IJV22,2022,3/27/22,9:39,Urban,Radford,7.780822,18,0,0,IJV,Late,-0.87476091,0.091132032,0.046466805,21,0,3.57,24.59,5.69,6.74,7.36,21.83,63.43,64,35,840,1140
218,B4,54,NPY5R,27.04672813,27.05144882,0.00667741,C4,ACTB,22.59887314,22.67014503,0.100793682,05IJV22,2022,3/27/22,9:15,Urban,Radford,10.684932,6,0,0,IJV,Early,-1.287972942,-0.514019743,0.225408778,21,0,3.57,24.59,5.69,6.74,7.36,21.83,63.43,64,35,840,1140
219,B4,54,NPY5R,27.04672813,27.05144882,0.00667741,C4,ACTB,22.59887314,22.67014503,0.100793682,05IJV22,2022,3/27/22,9:39,Urban,Radford,7.780822,18,0,0,IJV,Late,-0.87476091,0.091132032,0.046466805,21,0,3.57,24.59,5.69,6.74,7.36,21.83,63.43,64,35,840,1140
373,E4,54,AVT4R,30.02765656,30.01948929,0.01155026,C4,ACTB,22.59887314,22.67014503,0.100793682,05IJV22,2022,3/27/22,9:15,Urban,Radford,10.684932,6,0,0,IJV,Early,-1.287972942,-0.514019743,0.225408778,21,0,3.57,24.59,5.69,6.74,7.36,21.83,63.43,64,35,840,1140
374,E4,54,AVT4R,30.02765656,30.01948929,0.01155026,C4,ACTB,22.59887314,22.67014503,0.100793682,05IJV22,2022,3/27/22,9:39,Urban,Radford,7.780822,18,0,0,IJV,Late,-0.87476091,0.091132032,0.046466805,21,0,3.57,24.59,5.69,6.74,7.36,21.83,63.43,64,35,840,1140
68,D12,55,ACTB,21.69648743,21.55125809,0.205386654,D12,ACTB,21.69648743,21.55125809,0.205386654,09SJL22,2022,3/27/22,7:10,Urban,Radford,5.630137,1,0,5,SJL,Early,-0.110324187,0.400084587,0.501784781,18.5,0,NA,25.58,4.9,6.85,8.58,21.09,63.37,67.92,33,2940,3420
69,D12,55,ACTB,21.69648743,21.55125809,0.205386654,D12,ACTB,21.69648743,21.55125809,0.205386654,09SJL22,2022,3/27/22,7:34,Urban,Radford,1.958904,9,2,1,SJL,Late,0.303019411,1.023314918,-0.455622627,18.5,0,NA,25.58,4.9,6.85,8.58,21.09,63.37,67.92,33,2940,3420
137,G10,55,NPY1R,24.48974228,24.41332436,0.10807126,D12,ACTB,21.69648743,21.55125809,0.205386654,09SJL22,2022,3/27/22,7:10,Urban,Radford,5.630137,1,0,5,SJL,Early,-0.110324187,0.400084587,0.501784781,18.5,0,NA,25.58,4.9,6.85,8.58,21.09,63.37,67.92,33,2940,3420
138,G10,55,NPY1R,24.48974228,24.41332436,0.10807126,D12,ACTB,21.69648743,21.55125809,0.205386654,09SJL22,2022,3/27/22,7:34,Urban,Radford,1.958904,9,2,1,SJL,Late,0.303019411,1.023314918,-0.455622627,18.5,0,NA,25.58,4.9,6.85,8.58,21.09,63.37,67.92,33,2940,3420
146,G6,55,NPY,24.77576447,24.85145187,0.107036814,D12,ACTB,21.69648743,21.55125809,0.205386654,09SJL22,2022,3/27/22,7:10,Urban,Radford,5.630137,1,0,5,SJL,Early,-0.110324187,0.400084587,0.501784781,18.5,0,NA,25.58,4.9,6.85,8.58,21.09,63.37,67.92,33,2940,3420
147,G6,55,NPY,24.77576447,24.85145187,0.107036814,D12,ACTB,21.69648743,21.55125809,0.205386654,09SJL22,2022,3/27/22,7:34,Urban,Radford,1.958904,9,2,1,SJL,Late,0.303019411,1.023314918,-0.455622627,18.5,0,NA,25.58,4.9,6.85,8.58,21.09,63.37,67.92,33,2940,3420
286,B2,55,NPY5R,28.0084877,28.07455063,0.093425736,D12,ACTB,21.69648743,21.55125809,0.205386654,09SJL22,2022,3/27/22,7:10,Urban,Radford,5.630137,1,0,5,SJL,Early,-0.110324187,0.400084587,0.501784781,18.5,0,NA,25.58,4.9,6.85,8.58,21.09,63.37,67.92,33,2940,3420
287,B2,55,NPY5R,28.0084877,28.07455063,0.093425736,D12,ACTB,21.69648743,21.55125809,0.205386654,09SJL22,2022,3/27/22,7:34,Urban,Radford,1.958904,9,2,1,SJL,Late,0.303019411,1.023314918,-0.455622627,18.5,0,NA,25.58,4.9,6.85,8.58,21.09,63.37,67.92,33,2940,3420
304,E6,55,AVTIN1,28.13679314,28.26198959,0.177054524,D12,ACTB,21.69648743,21.55125809,0.205386654,09SJL22,2022,3/27/22,7:10,Urban,Radford,5.630137,1,0,5,SJL,Early,-0.110324187,0.400084587,0.501784781,18.5,0,NA,25.58,4.9,6.85,8.58,21.09,63.37,67.92,33,2940,3420
305,E6,55,AVTIN1,28.13679314,28.26198959,0.177054524,D12,ACTB,21.69648743,21.55125809,0.205386654,09SJL22,2022,3/27/22,7:34,Urban,Radford,1.958904,9,2,1,SJL,Late,0.303019411,1.023314918,-0.455622627,18.5,0,NA,25.58,4.9,6.85,8.58,21.09,63.37,67.92,33,2940,3420
310,E6,55,AVT3R,28.33010483,28.40540123,0.106485196,D12,ACTB,21.69648743,21.55125809,0.205386654,09SJL22,2022,3/27/22,7:10,Urban,Radford,5.630137,1,0,5,SJL,Early,-0.110324187,0.400084587,0.501784781,18.5,0,NA,25.58,4.9,6.85,8.58,21.09,63.37,67.92,33,2940,3420
311,E6,55,AVT3R,28.33010483,28.40540123,0.106485196,D12,ACTB,21.69648743,21.55125809,0.205386654,09SJL22,2022,3/27/22,7:34,Urban,Radford,1.958904,9,2,1,SJL,Late,0.303019411,1.023314918,-0.455622627,18.5,0,NA,25.58,4.9,6.85,8.58,21.09,63.37,67.92,33,2940,3420
327,B2,55,NPY2R,28.93136597,28.91640472,0.02115974,D12,ACTB,21.69648743,21.55125809,0.205386654,09SJL22,2022,3/27/22,7:10,Urban,Radford,5.630137,1,0,5,SJL,Early,-0.110324187,0.400084587,0.501784781,18.5,0,NA,25.58,4.9,6.85,8.58,21.09,63.37,67.92,33,2940,3420
328,B2,55,NPY2R,28.93136597,28.91640472,0.02115974,D12,ACTB,21.69648743,21.55125809,0.205386654,09SJL22,2022,3/27/22,7:34,Urban,Radford,1.958904,9,2,1,SJL,Late,0.303019411,1.023314918,-0.455622627,18.5,0,NA,25.58,4.9,6.85,8.58,21.09,63.37,67.92,33,2940,3420
407,E6,55,AVT4R,31.25260162,31.40717506,0.218599856,D12,ACTB,21.69648743,21.55125809,0.205386654,09SJL22,2022,3/27/22,7:10,Urban,Radford,5.630137,1,0,5,SJL,Early,-0.110324187,0.400084587,0.501784781,18.5,0,NA,25.58,4.9,6.85,8.58,21.09,63.37,67.92,33,2940,3420
408,E6,55,AVT4R,31.25260162,31.40717506,0.218599856,D12,ACTB,21.69648743,21.55125809,0.205386654,09SJL22,2022,3/27/22,7:34,Urban,Radford,1.958904,9,2,1,SJL,Late,0.303019411,1.023314918,-0.455622627,18.5,0,NA,25.58,4.9,6.85,8.58,21.09,63.37,67.92,33,2940,3420
135,A6,58,ACTB,24.36116028,24.36899185,0.011075517,A6,ACTB,24.36116028,24.36899185,0.011075517,02IJV22,2022,3/22/22,9:29,Rural,Kentland,2.726027,0,2,3,IJV,Early,0.377239434,0.807782587,-0.173220407,19.5,2,3.92,21.86,5.59,6.83,8.5,21.3,63.12,74.28,NA,NA,NA
136,A6,58,ACTB,24.36116028,24.36899185,0.011075517,A6,ACTB,24.36116028,24.36899185,0.011075517,02IJV22,2022,3/22/22,9:54,Rural,Kentland,10.643836,32,0,0,IJV,Late,-1.282125602,-0.505456274,0.222876581,19.5,2,3.92,21.86,5.59,6.83,8.5,21.3,63.12,74.28,NA,NA,NA
151,F2,58,NPY,24.92734528,25.01655006,0.126154617,A6,ACTB,24.36116028,24.36899185,0.011075517,02IJV22,2022,3/22/22,9:29,Rural,Kentland,2.726027,0,2,3,IJV,Early,0.377239434,0.807782587,-0.173220407,19.5,2,3.92,21.86,5.59,6.83,8.5,21.3,63.12,74.28,NA,NA,NA
152,F2,58,NPY,24.92734528,25.01655006,0.126154617,A6,ACTB,24.36116028,24.36899185,0.011075517,02IJV22,2022,3/22/22,9:54,Rural,Kentland,10.643836,32,0,0,IJV,Late,-1.282125602,-0.505456274,0.222876581,19.5,2,3.92,21.86,5.59,6.83,8.5,21.3,63.12,74.28,NA,NA,NA
222,H4,58,NPY1R,27.20894623,27.15209579,0.080400005,A6,ACTB,24.36116028,24.36899185,0.011075517,02IJV22,2022,3/22/22,9:29,Rural,Kentland,2.726027,0,2,3,IJV,Early,0.377239434,0.807782587,-0.173220407,19.5,2,3.92,21.86,5.59,6.83,8.5,21.3,63.12,74.28,NA,NA,NA
223,H4,58,NPY1R,27.20894623,27.15209579,0.080400005,A6,ACTB,24.36116028,24.36899185,0.011075517,02IJV22,2022,3/22/22,9:54,Rural,Kentland,10.643836,32,0,0,IJV,Late,-1.282125602,-0.505456274,0.222876581,19.5,2,3.92,21.86,5.59,6.83,8.5,21.3,63.12,74.28,NA,NA,NA
319,E12,58,AVTIN1,28.51152611,28.64508438,0.188881263,A6,ACTB,24.36116028,24.36899185,0.011075517,02IJV22,2022,3/22/22,9:29,Rural,Kentland,2.726027,0,2,3,IJV,Early,0.377239434,0.807782587,-0.173220407,19.5,2,3.92,21.86,5.59,6.83,8.5,21.3,63.12,74.28,NA,NA,NA
320,E12,58,AVTIN1,28.51152611,28.64508438,0.188881263,A6,ACTB,24.36116028,24.36899185,0.011075517,02IJV22,2022,3/22/22,9:54,Rural,Kentland,10.643836,32,0,0,IJV,Late,-1.282125602,-0.505456274,0.222876581,19.5,2,3.92,21.86,5.59,6.83,8.5,21.3,63.12,74.28,NA,NA,NA
353,A8,58,NPY5R,29.60946274,29.65016556,0.05756383,A6,ACTB,24.36116028,24.36899185,0.011075517,02IJV22,2022,3/22/22,9:29,Rural,Kentland,2.726027,0,2,3,IJV,Early,0.377239434,0.807782587,-0.173220407,19.5,2,3.92,21.86,5.59,6.83,8.5,21.3,63.12,74.28,NA,NA,NA
354,A8,58,NPY5R,29.60946274,29.65016556,0.05756383,A6,ACTB,24.36116028,24.36899185,0.011075517,02IJV22,2022,3/22/22,9:54,Rural,Kentland,10.643836,32,0,0,IJV,Late,-1.282125602,-0.505456274,0.222876581,19.5,2,3.92,21.86,5.59,6.83,8.5,21.3,63.12,74.28,NA,NA,NA
363,A8,58,NPY2R,29.85906982,29.90032959,0.05835012,A6,ACTB,24.36116028,24.36899185,0.011075517,02IJV22,2022,3/22/22,9:29,Rural,Kentland,2.726027,0,2,3,IJV,Early,0.377239434,0.807782587,-0.173220407,19.5,2,3.92,21.86,5.59,6.83,8.5,21.3,63.12,74.28,NA,NA,NA
364,A8,58,NPY2R,29.85906982,29.90032959,0.05835012,A6,ACTB,24.36116028,24.36899185,0.011075517,02IJV22,2022,3/22/22,9:54,Rural,Kentland,10.643836,32,0,0,IJV,Late,-1.282125602,-0.505456274,0.222876581,19.5,2,3.92,21.86,5.59,6.83,8.5,21.3,63.12,74.28,NA,NA,NA
411,D10,58,AVT3R,31.64393044,31.57309914,0.100170583,A6,ACTB,24.36116028,24.36899185,0.011075517,02IJV22,2022,3/22/22,9:29,Rural,Kentland,2.726027,0,2,3,IJV,Early,0.377239434,0.807782587,-0.173220407,19.5,2,3.92,21.86,5.59,6.83,8.5,21.3,63.12,74.28,NA,NA,NA
412,D10,58,AVT3R,31.64393044,31.57309914,0.100170583,A6,ACTB,24.36116028,24.36899185,0.011075517,02IJV22,2022,3/22/22,9:54,Rural,Kentland,10.643836,32,0,0,IJV,Late,-1.282125602,-0.505456274,0.222876581,19.5,2,3.92,21.86,5.59,6.83,8.5,21.3,63.12,74.28,NA,NA,NA
419,E12,58,AVT4R,31.75389481,31.79865456,0.06329985,A6,ACTB,24.36116028,24.36899185,0.011075517,02IJV22,2022,3/22/22,9:29,Rural,Kentland,2.726027,0,2,3,IJV,Early,0.377239434,0.807782587,-0.173220407,19.5,2,3.92,21.86,5.59,6.83,8.5,21.3,63.12,74.28,NA,NA,NA
420,E12,58,AVT4R,31.75389481,31.79865456,0.06329985,A6,ACTB,24.36116028,24.36899185,0.011075517,02IJV22,2022,3/22/22,9:54,Rural,Kentland,10.643836,32,0,0,IJV,Late,-1.282125602,-0.505456274,0.222876581,19.5,2,3.92,21.86,5.59,6.83,8.5,21.3,63.12,74.28,NA,NA,NA
95,B8,59,ACTB,22.57281876,22.51968765,0.075137377,B8,ACTB,22.57281876,22.51968765,0.075137377,02TEF22,2022,3/19/22,8:00,Urban,South VT,5.123288,26,1,0,TEF,Early,-0.36777194,0.518335649,-0.247746324,20,1,3.11,21.86,4.78,5.25,7.94,20.86,63.97,63.63,47,1140,1500
96,B8,59,ACTB,22.57281876,22.51968765,0.075137377,B8,ACTB,22.57281876,22.51968765,0.075137377,02TEF22,2022,3/19/22,8:00,Urban,South VT,6.657534,28,0,0,TEF,Late,-0.714933615,0.325200171,-0.022746599,20,1,3.11,21.86,4.78,5.25,7.94,20.86,63.97,63.63,47,1140,1500
127,H6,59,NPY1R,24.208992,24.04929733,0.225843713,B8,ACTB,22.57281876,22.51968765,0.075137377,02TEF22,2022,3/19/22,8:00,Urban,South VT,5.123288,26,1,0,TEF,Early,-0.36777194,0.518335649,-0.247746324,20,1,3.11,21.86,4.78,5.25,7.94,20.86,63.97,63.63,47,1140,1500
128,H6,59,NPY1R,24.208992,24.04929733,0.225843713,B8,ACTB,22.57281876,22.51968765,0.075137377,02TEF22,2022,3/19/22,8:00,Urban,South VT,6.657534,28,0,0,TEF,Late,-0.714933615,0.325200171,-0.022746599,20,1,3.11,21.86,4.78,5.25,7.94,20.86,63.97,63.63,47,1140,1500
129,G12,59,NPY,24.19613457,24.17206573,0.034037121,B8,ACTB,22.57281876,22.51968765,0.075137377,02TEF22,2022,3/19/22,8:00,Urban,South VT,5.123288,26,1,0,TEF,Early,-0.36777194,0.518335649,-0.247746324,20,1,3.11,21.86,4.78,5.25,7.94,20.86,63.97,63.63,47,1140,1500
130,G12,59,NPY,24.19613457,24.17206573,0.034037121,B8,ACTB,22.57281876,22.51968765,0.075137377,02TEF22,2022,3/19/22,8:00,Urban,South VT,6.657534,28,0,0,TEF,Late,-0.714933615,0.325200171,-0.022746599,20,1,3.11,21.86,4.78,5.25,7.94,20.86,63.97,63.63,47,1140,1500
161,F2,59,AVT3R,25.65056419,25.68380356,0.047008909,B8,ACTB,22.57281876,22.51968765,0.075137377,02TEF22,2022,3/19/22,8:00,Urban,South VT,5.123288,26,1,0,TEF,Early,-0.36777194,0.518335649,-0.247746324,20,1,3.11,21.86,4.78,5.25,7.94,20.86,63.97,63.63,47,1140,1500
162,F2,59,AVT3R,25.65056419,25.68380356,0.047008909,B8,ACTB,22.57281876,22.51968765,0.075137377,02TEF22,2022,3/19/22,8:00,Urban,South VT,6.657534,28,0,0,TEF,Late,-0.714933615,0.325200171,-0.022746599,20,1,3.11,21.86,4.78,5.25,7.94,20.86,63.97,63.63,47,1140,1500
176,F2,59,AVTIN1,26.3051548,26.34605408,0.05784031,B8,ACTB,22.57281876,22.51968765,0.075137377,02TEF22,2022,3/19/22,8:00,Urban,South VT,5.123288,26,1,0,TEF,Early,-0.36777194,0.518335649,-0.247746324,20,1,3.11,21.86,4.78,5.25,7.94,20.86,63.97,63.63,47,1140,1500
177,F2,59,AVTIN1,26.3051548,26.34605408,0.05784031,B8,ACTB,22.57281876,22.51968765,0.075137377,02TEF22,2022,3/19/22,8:00,Urban,South VT,6.657534,28,0,0,TEF,Late,-0.714933615,0.325200171,-0.022746599,20,1,3.11,21.86,4.78,5.25,7.94,20.86,63.97,63.63,47,1140,1500
201,A6,59,NPY2R,26.96473885,26.83742332,0.180051342,B8,ACTB,22.57281876,22.51968765,0.075137377,02TEF22,2022,3/19/22,8:00,Urban,South VT,5.123288,26,1,0,TEF,Early,-0.36777194,0.518335649,-0.247746324,20,1,3.11,21.86,4.78,5.25,7.94,20.86,63.97,63.63,47,1140,1500
202,A6,59,NPY2R,26.96473885,26.83742332,0.180051342,B8,ACTB,22.57281876,22.51968765,0.075137377,02TEF22,2022,3/19/22,8:00,Urban,South VT,6.657534,28,0,0,TEF,Late,-0.714933615,0.325200171,-0.022746599,20,1,3.11,21.86,4.78,5.25,7.94,20.86,63.97,63.63,47,1140,1500
203,A6,59,NPY5R,26.84942055,26.86856842,0.027077833,B8,ACTB,22.57281876,22.51968765,0.075137377,02TEF22,2022,3/19/22,8:00,Urban,South VT,5.123288,26,1,0,TEF,Early,-0.36777194,0.518335649,-0.247746324,20,1,3.11,21.86,4.78,5.25,7.94,20.86,63.97,63.63,47,1140,1500
204,A6,59,NPY5R,26.84942055,26.86856842,0.027077833,B8,ACTB,22.57281876,22.51968765,0.075137377,02TEF22,2022,3/19/22,8:00,Urban,South VT,6.657534,28,0,0,TEF,Late,-0.714933615,0.325200171,-0.022746599,20,1,3.11,21.86,4.78,5.25,7.94,20.86,63.97,63.63,47,1140,1500
385,F8,59,AVT4R,30.65821457,30.6666832,0.011975099,B8,ACTB,22.57281876,22.51968765,0.075137377,02TEF22,2022,3/19/22,8:00,Urban,South VT,5.123288,26,1,0,TEF,Early,-0.36777194,0.518335649,-0.247746324,20,1,3.11,21.86,4.78,5.25,7.94,20.86,63.97,63.63,47,1140,1500
386,F8,59,AVT4R,30.65821457,30.6666832,0.011975099,B8,ACTB,22.57281876,22.51968765,0.075137377,02TEF22,2022,3/19/22,8:00,Urban,South VT,6.657534,28,0,0,TEF,Late,-0.714933615,0.325200171,-0.022746599,20,1,3.11,21.86,4.78,5.25,7.94,20.86,63.97,63.63,47,1140,1500
113,B8,60,ACTB,23.0494442,23.08588409,0.051535144,B8,ACTB,23.0494442,23.08588409,0.051535144,09IJV22,2022,4/1/22,9:26,Urban,North VT,NA,NA,NA,NA,NA,Early,NA,NA,NA,23,3,5.34,24.27,5.81,7.3,9.21,20.24,62,66.78,29,3120,3420
114,B8,60,ACTB,23.0494442,23.08588409,0.051535144,B8,ACTB,23.0494442,23.08588409,0.051535144,09IJV22,2022,4/1/22,9:50,Urban,North VT,NA,NA,NA,NA,NA,Late,NA,NA,NA,23,3,5.34,24.27,5.81,7.3,9.21,20.24,62,66.78,29,3120,3420
167,H2,60,NPY,25.99559593,26.07115555,0.106856085,B8,ACTB,23.0494442,23.08588409,0.051535144,09IJV22,2022,4/1/22,9:26,Urban,North VT,NA,NA,NA,NA,NA,Early,NA,NA,NA,23,3,5.34,24.27,5.81,7.3,9.21,20.24,62,66.78,29,3120,3420
168,H2,60,NPY,25.99559593,26.07115555,0.106856085,B8,ACTB,23.0494442,23.08588409,0.051535144,09IJV22,2022,4/1/22,9:50,Urban,North VT,NA,NA,NA,NA,NA,Late,NA,NA,NA,23,3,5.34,24.27,5.81,7.3,9.21,20.24,62,66.78,29,3120,3420
183,B12,60,AVTIN1,26.61856079,26.58827972,0.042822547,B8,ACTB,23.0494442,23.08588409,0.051535144,09IJV22,2022,4/1/22,9:26,Urban,North VT,NA,NA,NA,NA,NA,Early,NA,NA,NA,23,3,5.34,24.27,5.81,7.3,9.21,20.24,62,66.78,29,3120,3420
184,B12,60,AVTIN1,26.61856079,26.58827972,0.042822547,B8,ACTB,23.0494442,23.08588409,0.051535144,09IJV22,2022,4/1/22,9:50,Urban,North VT,NA,NA,NA,NA,NA,Late,NA,NA,NA,23,3,5.34,24.27,5.81,7.3,9.21,20.24,62,66.78,29,3120,3420
208,A4,60,NPY2R,26.91608047,26.93251801,0.023247527,B8,ACTB,23.0494442,23.08588409,0.051535144,09IJV22,2022,4/1/22,9:26,Urban,North VT,NA,NA,NA,NA,NA,Early,NA,NA,NA,23,3,5.34,24.27,5.81,7.3,9.21,20.24,62,66.78,29,3120,3420
209,A4,60,NPY2R,26.91608047,26.93251801,0.023247527,B8,ACTB,23.0494442,23.08588409,0.051535144,09IJV22,2022,4/1/22,9:50,Urban,North VT,NA,NA,NA,NA,NA,Late,NA,NA,NA,23,3,5.34,24.27,5.81,7.3,9.21,20.24,62,66.78,29,3120,3420
235,A4,60,NPY5R,27.28712273,27.41201019,0.176618904,B8,ACTB,23.0494442,23.08588409,0.051535144,09IJV22,2022,4/1/22,9:26,Urban,North VT,NA,NA,NA,NA,NA,Early,NA,NA,NA,23,3,5.34,24.27,5.81,7.3,9.21,20.24,62,66.78,29,3120,3420
236,A4,60,NPY5R,27.28712273,27.41201019,0.176618904,B8,ACTB,23.0494442,23.08588409,0.051535144,09IJV22,2022,4/1/22,9:50,Urban,North VT,NA,NA,NA,NA,NA,Late,NA,NA,NA,23,3,5.34,24.27,5.81,7.3,9.21,20.24,62,66.78,29,3120,3420
258,E2,60,AVT3R,27.78938675,27.7745018,0.021051845,B8,ACTB,23.0494442,23.08588409,0.051535144,09IJV22,2022,4/1/22,9:26,Urban,North VT,NA,NA,NA,NA,NA,Early,NA,NA,NA,23,3,5.34,24.27,5.81,7.3,9.21,20.24,62,66.78,29,3120,3420
259,E2,60,AVT3R,27.78938675,27.7745018,0.021051845,B8,ACTB,23.0494442,23.08588409,0.051535144,09IJV22,2022,4/1/22,9:50,Urban,North VT,NA,NA,NA,NA,NA,Late,NA,NA,NA,23,3,5.34,24.27,5.81,7.3,9.21,20.24,62,66.78,29,3120,3420
397,F10,60,AVT4R,31.0197525,31.00148964,0.025827589,B8,ACTB,23.0494442,23.08588409,0.051535144,09IJV22,2022,4/1/22,9:26,Urban,North VT,NA,NA,NA,NA,NA,Early,NA,NA,NA,23,3,5.34,24.27,5.81,7.3,9.21,20.24,62,66.78,29,3120,3420
398,F10,60,AVT4R,31.0197525,31.00148964,0.025827589,B8,ACTB,23.0494442,23.08588409,0.051535144,09IJV22,2022,4/1/22,9:50,Urban,North VT,NA,NA,NA,NA,NA,Late,NA,NA,NA,23,3,5.34,24.27,5.81,7.3,9.21,20.24,62,66.78,29,3120,3420